Game_ID	GAME_DATE	Team_ID_x	WL_x	PTS_x	MATCHUP	Team_ID_y	WL_y	PTS_y	ELO_x	ELO_y
21900001	2019-10-22	1610612740	L	122	NOP @ TOR	1610612761	W	130	1250.0	1471.0
21900002	2019-10-22	1610612746	W	112	LAC vs. LAL	1610612747	L	102	1389.0	1310.0
21900003	2019-10-23	1610612741	L	125	CHI @ CHA	1610612766	W	126	1181.0	1340.0
21900004	2019-10-23	1610612754	L	110	IND vs. DET	1610612765	W	119	1377.0	1346.0
21900005	2019-10-23	1610612739	L	85	CLE @ ORL	1610612753	W	94	1169.0	1423.0
21900006	2019-10-23	1610612750	W	127	MIN @ BKN	1610612751	L	126	1298.0	1368.0
21900007	2019-10-23	1610612748	W	120	MIA vs. MEM	1610612763	L	101	1346.0	1301.0
21900008	2019-10-23	1610612738	L	93	BOS @ PHI	1610612755	W	107	1414.0	1403.0
21900009	2019-10-23	1610612742	W	108	DAL vs. WAS	1610612764	L	100	1291.0	1270.0
21900010	2019-10-23	1610612752	L	111	NYK @ SAS	1610612759	W	120	1149.0	1413.0
21900011	2019-10-23	1610612760	L	95	OKC @ UTA	1610612762	W	100	1413.0	1460.0
21900012	2019-10-23	1610612756	W	124	PHX vs. SAC	1610612758	L	95	1167.0	1314.0
21900013	2019-10-23	1610612743	W	108	DEN @ POR	1610612757	L	100	1427.0	1481.0
21900014	2019-10-24	1610612737	W	117	ATL @ DET	1610612765	L	100	1268.0	1362.0
21900015	2019-10-24	1610612745	L	111	HOU vs. MIL	1610612749	W	117	1514.0	1502.0
21900016	2019-10-24	1610612744	L	122	GSW vs. LAC	1610612746	W	141	1472.0	1396.0
21900017	2019-10-25	1610612738	W	112	BOS vs. TOR	1610612761	L	106	1402.0	1474.0
21900018	2019-10-25	1610612750	W	121	MIN @ CHA	1610612766	L	99	1304.0	1342.0
21900019	2019-10-25	1610612751	W	113	BKN vs. NYK	1610612752	L	109	1362.0	1146.0
21900020	2019-10-25	1610612741	W	110	CHI @ MEM	1610612763	L	102	1179.0	1289.0
21900021	2019-10-25	1610612740	L	116	NOP vs. DAL	1610612742	W	123	1247.0	1299.0
21900022	2019-10-25	1610612760	L	85	OKC vs. WAS	1610612764	W	97	1407.0	1262.0
21900023	2019-10-25	1610612743	W	108	DEN vs. PHX	1610612756	L	107	1443.0	1194.0
21900024	2019-10-25	1610612757	W	122	POR @ SAC	1610612758	L	112	1465.0	1287.0
21900025	2019-10-25	1610612747	W	95	LAL vs. UTA	1610612762	L	86	1303.0	1466.0
21900026	2019-10-26	1610612748	W	131	MIA @ MIL	1610612749	L	126	1358.0	1514.0
21900027	2019-10-26	1610612755	W	117	PHI @ DET	1610612765	L	111	1415.0	1337.0
21900028	2019-10-26	1610612737	W	103	ATL vs. ORL	1610612753	L	99	1293.0	1426.0
21900029	2019-10-26	1610612738	W	118	BOS @ NYK	1610612752	L	95	1411.0	1144.0
21900030	2019-10-26	1610612739	W	110	CLE vs. IND	1610612754	L	99	1166.0	1361.0
21900031	2019-10-26	1610612741	L	84	CHI vs. TOR	1610612761	W	108	1196.0	1465.0
21900032	2019-10-26	1610612740	L	123	NOP @ HOU	1610612745	W	126	1236.0	1502.0
21900033	2019-10-26	1610612759	W	124	SAS vs. WAS	1610612764	L	122	1416.0	1284.0
21900034	2019-10-26	1610612758	L	81	SAC @ UTA	1610612762	W	113	1278.0	1451.0
21900035	2019-10-26	1610612746	L	122	LAC @ PHX	1610612756	W	130	1422.0	1193.0
21900036	2019-10-27	1610612744	L	92	GSW @ OKC	1610612760	W	120	1446.0	1385.0
21900037	2019-10-27	1610612751	L	133	BKN @ MEM	1610612763	W	134	1364.0	1272.0
21900038	2019-10-27	1610612742	L	119	DAL vs. POR	1610612757	W	121	1310.0	1474.0
21900039	2019-10-27	1610612748	L	109	MIA @ MIN	1610612750	W	116	1372.0	1330.0
21900040	2019-10-27	1610612747	W	120	LAL vs. CHA	1610612766	L	101	1318.0	1316.0
21900041	2019-10-28	1610612754	L	94	IND @ DET	1610612765	W	96	1344.0	1327.0
21900042	2019-10-28	1610612741	L	98	CHI @ NYK	1610612752	W	105	1185.0	1133.0
21900043	2019-10-28	1610612737	L	103	ATL vs. PHI	1610612755	W	105	1302.0	1425.0
21900044	2019-10-28	1610612753	L	95	ORL @ TOR	1610612761	W	104	1417.0	1476.0
21900045	2019-10-28	1610612745	W	116	HOU vs. OKC	1610612760	L	112	1504.0	1406.0
21900046	2019-10-28	1610612739	L	112	CLE @ MIL	1610612749	W	129	1183.0	1500.0
21900047	2019-10-28	1610612740	L	123	NOP vs. GSW	1610612744	W	134	1234.0	1425.0
21900048	2019-10-28	1610612757	L	110	POR @ SAS	1610612759	W	113	1479.0	1419.0
21900049	2019-10-28	1610612756	L	95	PHX vs. UTA	1610612762	W	96	1209.0	1460.0
21900050	2019-10-28	1610612743	W	101	DEN @ SAC	1610612758	L	94	1444.0	1269.0
21900051	2019-10-28	1610612746	W	111	LAC vs. CHA	1610612766	L	96	1406.0	1302.0
21900052	2019-10-29	1610612737	L	97	ATL @ MIA	1610612748	W	112	1297.0	1363.0
21900053	2019-10-29	1610612742	W	109	DAL @ DEN	1610612743	L	106	1305.0	1452.0
21900054	2019-10-29	1610612747	W	120	LAL vs. MEM	1610612763	L	91	1332.0	1277.0
21900055	2019-10-30	1610612739	W	117	CLE vs. CHI	1610612741	L	111	1180.0	1176.0
21900056	2019-10-30	1610612752	L	83	NYK @ ORL	1610612753	W	95	1142.0	1410.0
21900057	2019-10-30	1610612750	L	95	MIN @ PHI	1610612755	W	117	1339.0	1430.0
21900058	2019-10-30	1610612738	W	116	BOS vs. MIL	1610612749	L	105	1422.0	1503.0
21900059	2019-10-30	1610612751	L	108	BKN vs. IND	1610612754	W	118	1359.0	1339.0
21900060	2019-10-30	1610612761	W	125	TOR vs. DET	1610612765	L	113	1483.0	1332.0
21900061	2019-10-30	1610612745	W	159	HOU @ WAS	1610612764	L	158	1508.0	1281.0
21900062	2019-10-30	1610612757	W	102	POR @ OKC	1610612760	L	99	1473.0	1402.0
21900063	2019-10-30	1610612746	L	96	LAC @ UTA	1610612762	W	110	1414.0	1463.0
21900064	2019-10-30	1610612758	L	111	SAC vs. CHA	1610612766	W	118	1261.0	1294.0
21900065	2019-10-30	1610612744	L	110	GSW vs. PHX	1610612756	W	121	1434.0	1206.0
21900066	2019-10-31	1610612737	L	97	ATL vs. MIA	1610612748	W	106	1288.0	1372.0
21900067	2019-10-31	1610612740	W	122	NOP vs. DEN	1610612743	L	107	1225.0	1441.0
21900068	2019-10-31	1610612746	W	103	LAC vs. SAS	1610612759	L	97	1404.0	1425.0
21900069	2019-11-01	1610612745	L	116	HOU @ BKN	1610612751	W	123	1511.0	1343.0
21900070	2019-11-01	1610612739	L	95	CLE @ IND	1610612754	W	102	1187.0	1355.0
21900071	2019-11-01	1610612749	W	123	MIL @ ORL	1610612753	L	91	1490.0	1413.0
21900072	2019-11-01	1610612738	W	104	BOS vs. NYK	1610612752	L	102	1435.0	1139.0
21900073	2019-11-01	1610612741	W	112	CHI vs. DET	1610612765	L	106	1169.0	1326.0
21900074	2019-11-01	1610612742	L	110	DAL vs. LAL	1610612747	W	119	1316.0	1346.0
21900075	2019-11-01	1610612758	W	102	SAC vs. UTA	1610612762	L	101	1249.0	1473.0
21900076	2019-11-01	1610612744	L	110	GSW vs. SAS	1610612759	W	127	1411.0	1417.0
21900077	2019-11-02	1610612740	L	104	NOP @ OKC	1610612760	W	115	1246.0	1395.0
21900078	2019-11-02	1610612751	L	109	BKN @ DET	1610612765	W	113	1356.0	1314.0
21900079	2019-11-02	1610612743	W	91	DEN @ ORL	1610612753	L	87	1420.0	1388.0
21900080	2019-11-02	1610612750	W	131	MIN @ WAS	1610612764	L	109	1329.0	1278.0
21900081	2019-11-02	1610612756	W	114	PHX @ MEM	1610612763	L	105	1229.0	1263.0
21900082	2019-11-02	1610612749	W	115	MIL vs. TOR	1610612761	L	105	1515.0	1489.0
21900083	2019-11-02	1610612744	L	87	GSW vs. CHA	1610612766	W	93	1390.0	1306.0
21900084	2019-11-02	1610612755	W	129	PHI @ POR	1610612757	L	128	1440.0	1480.0
21900085	2019-11-03	1610612741	L	95	CHI @ IND	1610612754	W	108	1181.0	1359.0
21900086	2019-11-03	1610612745	L	100	HOU @ MIA	1610612748	W	129	1498.0	1384.0
21900087	2019-11-03	1610612752	L	92	NYK vs. SAC	1610612758	W	113	1138.0	1255.0
21900088	2019-11-03	1610612747	W	103	LAL @ SAS	1610612759	L	96	1360.0	1438.0
21900089	2019-11-03	1610612739	L	111	CLE vs. DAL	1610612742	W	131	1183.0	1302.0
21900090	2019-11-03	1610612746	W	105	LAC vs. UTA	1610612762	L	94	1412.0	1467.0
21900091	2019-11-04	1610612764	W	115	WAS vs. DET	1610612765	L	99	1256.0	1321.0
21900092	2019-11-04	1610612740	L	125	NOP @ BKN	1610612751	W	135	1241.0	1349.0
21900093	2019-11-04	1610612745	W	107	HOU @ MEM	1610612763	L	100	1473.0	1247.0
21900094	2019-11-04	1610612749	W	134	MIL @ MIN	1610612750	L	106	1524.0	1351.0
21900095	2019-11-04	1610612755	L	109	PHI @ PHX	1610612756	W	114	1446.0	1245.0
21900096	2019-11-04	1610612744	W	127	GSW vs. POR	1610612757	L	118	1376.0	1474.0
21900097	2019-11-05	1610612754	L	120	IND @ CHA	1610612766	W	122	1364.0	1320.0
21900098	2019-11-05	1610612738	W	119	BOS @ CLE	1610612739	L	113	1436.0	1166.0
21900099	2019-11-05	1610612737	W	108	ATL vs. SAS	1610612759	L	100	1276.0	1423.0
21900100	2019-11-05	1610612741	L	112	CHI vs. LAL	1610612747	W	118	1176.0	1375.0
21900101	2019-11-05	1610612753	L	94	ORL @ OKC	1610612760	W	102	1379.0	1400.0
21900102	2019-11-05	1610612743	W	109	DEN vs. MIA	1610612748	L	89	1429.0	1409.0
21900103	2019-11-06	1610612752	L	102	NYK @ DET	1610612765	W	122	1121.0	1306.0
21900104	2019-11-06	1610612754	W	121	IND vs. WAS	1610612764	L	106	1359.0	1271.0
21900105	2019-11-06	1610612737	L	93	ATL vs. CHI	1610612741	W	113	1289.0	1169.0
21900106	2019-11-06	1610612758	L	120	SAC @ TOR	1610612761	W	124	1272.0	1480.0
21900107	2019-11-06	1610612744	L	112	GSW @ HOU	1610612745	W	129	1388.0	1479.0
21900108	2019-11-06	1610612750	L	121	MIN @ MEM	1610612763	W	137	1334.0	1241.0
21900109	2019-11-06	1610612742	W	107	DAL vs. ORL	1610612753	L	106	1319.0	1371.0
21900110	2019-11-06	1610612755	L	104	PHI @ UTA	1610612762	W	106	1434.0	1455.0
21900111	2019-11-06	1610612746	L	124	LAC vs. MIL	1610612749	W	129	1424.0	1541.0
21900112	2019-11-07	1610612738	W	108	BOS @ CHA	1610612766	L	87	1441.0	1325.0
21900113	2019-11-07	1610612759	W	121	SAS vs. OKC	1610612760	L	112	1410.0	1408.0
21900114	2019-11-07	1610612748	W	124	MIA @ PHX	1610612756	L	108	1396.0	1257.0
21900115	2019-11-07	1610612746	W	107	LAC vs. POR	1610612757	L	101	1416.0	1462.0
21900116	2019-11-08	1610612754	W	112	IND vs. DET	1610612765	L	106	1367.0	1312.0
21900117	2019-11-08	1610612753	W	118	ORL vs. MEM	1610612763	L	86	1367.0	1258.0
21900118	2019-11-08	1610612739	W	113	CLE @ WAS	1610612764	L	100	1161.0	1263.0
21900119	2019-11-08	1610612737	L	109	ATL vs. SAC	1610612758	W	121	1260.0	1270.0
21900120	2019-11-08	1610612744	L	119	GSW @ MIN	1610612750	W	125	1379.0	1317.0
21900121	2019-11-08	1610612740	L	104	NOP vs. TOR	1610612761	W	122	1235.0	1482.0
21900122	2019-11-08	1610612742	L	102	DAL vs. NYK	1610612752	W	106	1323.0	1115.0
21900123	2019-11-08	1610612743	W	100	DEN vs. PHI	1610612755	L	97	1442.0	1430.0
21900124	2019-11-08	1610612749	L	100	MIL @ UTA	1610612762	W	103	1549.0	1459.0
21900125	2019-11-08	1610612751	W	119	BKN @ POR	1610612757	L	115	1355.0	1453.0
21900126	2019-11-08	1610612747	W	95	LAL vs. MIA	1610612748	L	80	1382.0	1410.0
21900127	2019-11-09	1610612738	W	135	BOS @ SAS	1610612759	L	115	1459.0	1419.0
21900128	2019-11-09	1610612740	W	115	NOP @ CHA	1610612766	L	110	1225.0	1307.0
21900129	2019-11-09	1610612741	L	94	CHI vs. HOU	1610612745	W	117	1198.0	1488.0
21900130	2019-11-09	1610612742	W	138	DAL @ MEM	1610612763	L	122	1310.0	1246.0
21900131	2019-11-09	1610612744	L	108	GSW @ OKC	1610612760	W	114	1370.0	1399.0
21900132	2019-11-10	1610612743	W	100	DEN @ MIN	1610612750	L	98	1447.0	1326.0
21900133	2019-11-10	1610612753	L	102	ORL vs. IND	1610612754	W	109	1379.0	1373.0
21900134	2019-11-10	1610612755	W	114	PHI vs. CHA	1610612766	L	106	1425.0	1294.0
21900135	2019-11-10	1610612749	W	121	MIL @ OKC	1610612760	L	119	1542.0	1406.0
21900136	2019-11-10	1610612739	W	108	CLE @ NYK	1610612752	L	87	1183.0	1128.0
21900137	2019-11-10	1610612751	L	112	BKN @ PHX	1610612756	W	138	1367.0	1243.0
21900138	2019-11-10	1610612737	L	113	ATL @ POR	1610612757	W	124	1243.0	1441.0
21900139	2019-11-10	1610612747	L	104	LAL vs. TOR	1610612761	W	113	1395.0	1492.0
21900140	2019-11-11	1610612750	W	120	MIN @ DET	1610612765	L	114	1321.0	1306.0
21900141	2019-11-11	1610612738	W	116	BOS vs. DAL	1610612742	L	106	1480.0	1327.0
21900142	2019-11-11	1610612740	L	116	NOP vs. HOU	1610612745	W	122	1238.0	1498.0
21900143	2019-11-11	1610612759	L	109	SAS vs. MEM	1610612763	W	113	1398.0	1229.0
21900144	2019-11-11	1610612744	L	108	GSW vs. UTA	1610612762	W	122	1363.0	1466.0
21900145	2019-11-11	1610612746	W	98	LAC vs. TOR	1610612761	L	88	1425.0	1504.0
21900146	2019-11-12	1610612754	W	111	IND vs. OKC	1610612760	L	85	1386.0	1401.0
21900147	2019-11-12	1610612739	L	97	CLE @ PHI	1610612755	W	98	1204.0	1430.0
21900148	2019-11-12	1610612748	W	117	MIA vs. DET	1610612765	L	108	1397.0	1294.0
21900149	2019-11-12	1610612741	W	120	CHI vs. NYK	1610612752	L	102	1188.0	1107.0
21900150	2019-11-12	1610612737	W	125	ATL @ DEN	1610612743	L	121	1239.0	1452.0
21900151	2019-11-12	1610612747	W	123	LAL @ PHX	1610612756	L	115	1383.0	1267.0
21900152	2019-11-12	1610612751	L	114	BKN @ UTA	1610612762	W	119	1343.0	1481.0
21900153	2019-11-12	1610612757	L	99	POR @ SAC	1610612758	W	107	1445.0	1287.0
21900154	2019-11-13	1610612763	W	119	MEM @ CHA	1610612766	L	117	1242.0	1289.0
21900155	2019-11-13	1610612753	W	112	ORL vs. PHI	1610612755	L	97	1366.0	1431.0
21900156	2019-11-13	1610612738	W	140	BOS vs. WAS	1610612764	L	133	1485.0	1241.0
21900157	2019-11-13	1610612745	W	102	HOU vs. LAC	1610612746	L	93	1503.0	1437.0
21900158	2019-11-13	1610612750	W	129	MIN vs. SAS	1610612759	L	114	1333.0	1385.0
21900159	2019-11-13	1610612744	L	94	GSW @ LAL	1610612747	W	120	1348.0	1393.0
21900160	2019-11-13	1610612757	L	106	POR vs. TOR	1610612761	W	114	1432.0	1492.0
21900161	2019-11-14	1610612739	L	97	CLE vs. MIA	1610612748	W	108	1203.0	1403.0
21900162	2019-11-14	1610612742	L	103	DAL @ NYK	1610612752	W	106	1322.0	1097.0
21900163	2019-11-14	1610612741	L	115	CHI @ MIL	1610612749	W	124	1198.0	1547.0
21900164	2019-11-14	1610612740	W	132	NOP vs. LAC	1610612746	L	127	1233.0	1430.0
21900165	2019-11-14	1610612737	L	112	ATL @ PHX	1610612756	W	128	1252.0	1257.0
21900166	2019-11-14	1610612743	W	101	DEN vs. BKN	1610612751	L	93	1439.0	1339.0
21900167	2019-11-15	1610612765	L	106	DET @ CHA	1610612766	W	109	1288.0	1281.0
21900168	2019-11-15	1610612753	W	111	ORL vs. SAS	1610612759	L	109	1381.0	1371.0
21900169	2019-11-15	1610612745	W	111	HOU vs. IND	1610612754	L	102	1510.0	1403.0
21900170	2019-11-15	1610612762	L	106	UTA @ MEM	1610612763	W	107	1485.0	1250.0
21900171	2019-11-15	1610612750	L	116	MIN vs. WAS	1610612764	W	137	1347.0	1238.0
21900172	2019-11-15	1610612755	L	119	PHI @ OKC	1610612760	W	127	1416.0	1384.0
21900173	2019-11-15	1610612738	W	105	BOS @ GSW	1610612744	L	100	1488.0	1334.0
21900174	2019-11-15	1610612747	W	99	LAL vs. SAC	1610612758	L	97	1407.0	1300.0
21900175	2019-11-16	1610612741	L	111	CHI vs. BKN	1610612751	W	117	1196.0	1333.0
21900176	2019-11-16	1610612749	W	102	MIL @ IND	1610612754	L	83	1549.0	1397.0
21900177	2019-11-16	1610612752	L	102	NYK vs. CHA	1610612766	W	103	1106.0	1286.0
21900178	2019-11-16	1610612740	L	94	NOP @ MIA	1610612748	W	109	1244.0	1412.0
21900179	2019-11-16	1610612745	W	125	HOU @ MIN	1610612750	L	105	1516.0	1318.0
21900180	2019-11-16	1610612742	W	110	DAL vs. TOR	1610612761	L	102	1313.0	1504.0
21900181	2019-11-16	1610612757	W	121	POR @ SAS	1610612759	L	116	1420.0	1367.0
21900182	2019-11-16	1610612737	L	101	ATL @ LAC	1610612746	W	150	1240.0	1419.0
21900183	2019-11-17	1610612739	L	95	CLE vs. PHI	1610612755	W	114	1194.0	1407.0
21900184	2019-11-17	1610612738	L	99	BOS @ SAC	1610612758	W	100	1495.0	1297.0
21900185	2019-11-17	1610612753	W	125	ORL vs. WAS	1610612764	L	121	1385.0	1267.0
21900186	2019-11-17	1610612743	W	131	DEN @ MEM	1610612763	L	114	1445.0	1256.0
21900187	2019-11-17	1610612740	W	108	NOP vs. GSW	1610612744	L	100	1238.0	1327.0
21900188	2019-11-17	1610612737	L	101	ATL @ LAL	1610612747	W	122	1229.0	1410.0
21900189	2019-11-18	1610612739	L	105	CLE @ NYK	1610612752	W	123	1182.0	1103.0
21900190	2019-11-18	1610612751	L	86	BKN vs. IND	1610612754	W	115	1341.0	1382.0
21900191	2019-11-18	1610612761	W	132	TOR vs. CHA	1610612766	L	96	1490.0	1289.0
21900192	2019-11-18	1610612741	L	101	CHI vs. MIL	1610612749	W	115	1188.0	1564.0
21900193	2019-11-18	1610612745	W	132	HOU vs. POR	1610612757	L	108	1529.0	1430.0
21900194	2019-11-18	1610612742	W	117	DAL vs. SAS	1610612759	L	110	1327.0	1357.0
21900195	2019-11-18	1610612738	W	99	BOS @ PHX	1610612756	L	85	1489.0	1269.0
21900196	2019-11-18	1610612750	W	112	MIN @ UTA	1610612762	L	102	1305.0	1479.0
21900197	2019-11-18	1610612746	W	90	LAC vs. OKC	1610612760	L	88	1430.0	1393.0
21900198	2019-11-19	1610612744	W	114	GSW @ MEM	1610612763	L	95	1316.0	1244.0
21900199	2019-11-19	1610612740	W	115	NOP vs. POR	1610612757	L	104	1249.0	1419.0
21900200	2019-11-19	1610612756	L	116	PHX @ SAC	1610612758	W	120	1259.0	1303.0
21900201	2019-11-19	1610612747	W	112	LAL vs. OKC	1610612760	L	107	1417.0	1389.0
21900202	2019-11-20	1610612752	L	104	NYK @ PHI	1610612755	W	109	1120.0	1419.0
21900203	2019-11-20	1610612759	L	132	SAS @ WAS	1610612764	W	138	1348.0	1263.0
21900204	2019-11-20	1610612737	L	127	ATL vs. MIL	1610612749	W	135	1222.0	1569.0
21900205	2019-11-20	1610612751	W	101	BKN vs. CHA	1610612766	L	91	1315.0	1281.0
21900206	2019-11-20	1610612739	L	100	CLE @ MIA	1610612748	W	124	1165.0	1418.0
21900207	2019-11-20	1610612753	L	97	ORL @ TOR	1610612761	W	113	1389.0	1498.0
21900208	2019-11-20	1610612742	W	142	DAL vs. GSW	1610612744	L	94	1336.0	1335.0
21900209	2019-11-20	1610612741	W	109	CHI vs. DET	1610612765	L	89	1183.0	1283.0
21900210	2019-11-20	1610612750	L	95	MIN vs. UTA	1610612762	W	103	1326.0	1458.0
21900211	2019-11-20	1610612743	W	105	DEN vs. HOU	1610612745	L	95	1457.0	1540.0
21900212	2019-11-20	1610612738	L	104	BOS @ LAC	1610612746	W	107	1499.0	1434.0
21900213	2019-11-21	1610612749	W	137	MIL vs. POR	1610612757	L	129	1573.0	1403.0
21900214	2019-11-21	1610612740	W	124	NOP @ PHX	1610612756	L	121	1265.0	1254.0
21900215	2019-11-22	1610612737	L	103	ATL @ DET	1610612765	W	128	1218.0	1264.0
21900216	2019-11-22	1610612764	W	125	WAS vs. CHA	1610612766	L	118	1273.0	1273.0
21900217	2019-11-22	1610612751	W	116	BKN vs. SAC	1610612758	L	97	1323.0	1308.0
21900218	2019-11-22	1610612755	W	115	PHI vs. SAS	1610612759	L	104	1421.0	1338.0
21900219	2019-11-22	1610612741	L	108	CHI vs. MIA	1610612748	W	116	1202.0	1423.0
21900220	2019-11-22	1610612747	W	130	LAL @ OKC	1610612760	L	127	1423.0	1383.0
21900221	2019-11-22	1610612739	L	101	CLE @ DAL	1610612742	W	143	1160.0	1359.0
21900222	2019-11-22	1610612738	L	92	BOS @ DEN	1610612743	W	96	1493.0	1470.0
21900223	2019-11-22	1610612744	L	109	GSW @ UTA	1610612762	W	113	1312.0	1468.0
21900224	2019-11-22	1610612745	L	119	HOU @ LAC	1610612746	W	122	1527.0	1440.0
21900225	2019-11-23	1610612750	L	98	MIN vs. PHX	1610612756	W	100	1316.0	1246.0
21900226	2019-11-23	1610612741	W	116	CHI @ CHA	1610612766	L	115	1195.0	1265.0
21900227	2019-11-23	1610612753	L	106	ORL @ IND	1610612754	W	111	1381.0	1408.0
21900228	2019-11-23	1610612737	L	116	ATL vs. TOR	1610612761	W	119	1205.0	1506.0
21900229	2019-11-23	1610612752	L	104	NYK vs. SAS	1610612759	W	111	1118.0	1331.0
21900230	2019-11-23	1610612748	L	86	MIA @ PHI	1610612755	W	113	1430.0	1428.0
21900231	2019-11-23	1610612739	W	110	CLE vs. POR	1610612757	L	104	1151.0	1399.0
21900232	2019-11-23	1610612747	W	109	LAL @ MEM	1610612763	L	108	1431.0	1225.0
21900233	2019-11-23	1610612749	W	104	MIL vs. DET	1610612765	L	90	1577.0	1277.0
21900234	2019-11-23	1610612740	L	120	NOP @ UTA	1610612762	W	128	1273.0	1471.0
21900235	2019-11-24	1610612742	W	137	DAL @ HOU	1610612745	L	123	1368.0	1520.0
21900236	2019-11-24	1610612751	W	103	BKN @ NYK	1610612752	L	101	1336.0	1111.0
21900237	2019-11-24	1610612758	W	113	SAC @ WAS	1610612764	L	106	1295.0	1281.0
21900238	2019-11-24	1610612743	W	116	DEN vs. PHX	1610612756	L	104	1476.0	1254.0
21900239	2019-11-24	1610612740	L	109	NOP @ LAC	1610612746	W	134	1269.0	1447.0
21900240	2019-11-25	1610612739	L	106	CLE vs. BKN	1610612751	W	108	1165.0	1340.0
21900241	2019-11-25	1610612753	L	88	ORL @ DET	1610612765	W	103	1375.0	1274.0
21900242	2019-11-25	1610612754	W	126	IND vs. MEM	1610612763	L	114	1414.0	1222.0
21900243	2019-11-25	1610612737	L	113	ATL vs. MIN	1610612750	W	125	1202.0	1308.0
21900244	2019-11-25	1610612738	W	103	BOS vs. SAC	1610612758	L	102	1487.0	1308.0
21900245	2019-11-25	1610612748	W	117	MIA vs. CHA	1610612766	L	100	1413.0	1259.0
21900246	2019-11-25	1610612755	L	96	PHI @ TOR	1610612761	W	101	1445.0	1509.0
21900247	2019-11-25	1610612741	L	94	CHI vs. POR	1610612757	W	117	1201.0	1385.0
21900248	2019-11-25	1610612749	W	122	MIL vs. UTA	1610612762	L	118	1580.0	1475.0
21900249	2019-11-25	1610612747	W	114	LAL @ SAS	1610612759	L	104	1434.0	1338.0
21900250	2019-11-25	1610612744	L	97	GSW vs. OKC	1610612760	W	100	1309.0	1375.0
21900251	2019-11-26	1610612742	L	99	DAL vs. LAC	1610612746	W	114	1392.0	1455.0
21900252	2019-11-26	1610612743	W	117	DEN vs. WAS	1610612764	L	104	1480.0	1268.0
21900253	2019-11-27	1610612738	W	121	BOS vs. BKN	1610612751	L	110	1489.0	1344.0
21900254	2019-11-27	1610612765	L	101	DET @ CHA	1610612766	W	102	1290.0	1252.0
21900255	2019-11-27	1610612739	L	104	CLE vs. ORL	1610612753	W	116	1161.0	1359.0
21900256	2019-11-27	1610612754	W	121	IND vs. UTA	1610612762	L	102	1419.0	1471.0
21900257	2019-11-27	1610612755	W	97	PHI vs. SAC	1610612758	L	91	1440.0	1306.0
21900258	2019-11-27	1610612752	L	98	NYK @ TOR	1610612761	W	126	1107.0	1514.0
21900259	2019-11-27	1610612745	W	117	HOU vs. MIA	1610612748	L	108	1496.0	1420.0
21900260	2019-11-27	1610612746	W	121	LAC @ MEM	1610612763	L	119	1472.0	1217.0
21900261	2019-11-27	1610612737	L	102	ATL @ MIL	1610612749	W	111	1189.0	1584.0
21900262	2019-11-27	1610612750	W	113	MIN @ SAS	1610612759	L	101	1321.0	1326.0
21900263	2019-11-27	1610612756	L	132	PHX vs. WAS	1610612764	W	140	1250.0	1264.0
21900264	2019-11-27	1610612740	L	110	NOP vs. LAL	1610612747	W	114	1261.0	1446.0
21900265	2019-11-27	1610612757	W	136	POR vs. OKC	1610612760	L	119	1400.0	1382.0
21900266	2019-11-27	1610612741	L	90	CHI @ GSW	1610612744	W	104	1186.0	1302.0
21900267	2019-11-29	1610612738	L	107	BOS @ BKN	1610612751	W	112	1495.0	1338.0
21900268	2019-11-29	1610612765	L	107	DET vs. CHA	1610612766	W	110	1286.0	1256.0
21900269	2019-11-29	1610612753	L	83	ORL vs. TOR	1610612761	W	90	1369.0	1516.0
21900270	2019-11-29	1610612739	L	110	CLE vs. MIL	1610612749	W	119	1151.0	1585.0
21900271	2019-11-29	1610612752	L	95	NYK vs. PHI	1610612755	W	101	1105.0	1444.0
21900272	2019-11-29	1610612737	L	104	ATL @ IND	1610612754	W	105	1188.0	1435.0
21900273	2019-11-29	1610612744	L	105	GSW @ MIA	1610612748	W	122	1309.0	1413.0
21900274	2019-11-29	1610612762	W	103	UTA @ MEM	1610612763	L	94	1455.0	1214.0
21900275	2019-11-29	1610612740	L	104	NOP @ OKC	1610612760	W	109	1255.0	1370.0
21900276	2019-11-29	1610612746	L	97	LAC @ SAS	1610612759	W	107	1475.0	1308.0
21900277	2019-11-29	1610612742	W	120	DAL @ PHX	1610612756	L	113	1375.0	1236.0
21900278	2019-11-29	1610612741	L	103	CHI @ POR	1610612757	W	107	1179.0	1412.0
21900279	2019-11-29	1610612747	W	125	LAL vs. WAS	1610612764	L	103	1452.0	1278.0
21900280	2019-11-30	1610612743	L	97	DEN @ SAC	1610612758	W	100	1484.0	1302.0
21900281	2019-11-30	1610612754	L	116	IND @ PHI	1610612755	W	119	1436.0	1448.0
21900282	2019-11-30	1610612737	L	111	ATL @ HOU	1610612745	W	158	1187.0	1503.0
21900283	2019-11-30	1610612749	W	137	MIL vs. CHA	1610612766	L	96	1588.0	1265.0
21900284	2019-12-01	1610612748	W	109	MIA @ BKN	1610612751	L	106	1422.0	1349.0
21900285	2019-12-01	1610612738	W	113	BOS @ NYK	1610612752	L	104	1484.0	1101.0
21900286	2019-12-01	1610612750	L	107	MIN vs. MEM	1610612763	W	115	1339.0	1207.0
21900287	2019-12-01	1610612742	W	114	DAL @ LAL	1610612747	L	100	1384.0	1459.0
21900288	2019-12-01	1610612759	L	98	SAS @ DET	1610612765	W	132	1324.0	1277.0
21900289	2019-12-01	1610612740	L	104	NOP vs. OKC	1610612760	W	107	1251.0	1374.0
21900290	2019-12-01	1610612744	L	96	GSW @ ORL	1610612753	W	100	1300.0	1360.0
21900291	2019-12-01	1610612761	W	130	TOR vs. UTA	1610612762	L	110	1525.0	1462.0
21900292	2019-12-01	1610612746	W	150	LAC vs. WAS	1610612764	L	125	1459.0	1271.0
21900293	2019-12-02	1610612756	W	109	PHX @ CHA	1610612766	L	104	1227.0	1260.0
21900294	2019-12-02	1610612755	W	103	PHI vs. UTA	1610612762	L	94	1453.0	1451.0
21900295	2019-12-02	1610612737	W	104	ATL vs. GSW	1610612744	L	79	1182.0	1295.0
21900296	2019-12-02	1610612754	W	117	IND @ MEM	1610612763	L	104	1431.0	1224.0
21900297	2019-12-02	1610612749	W	132	MIL vs. NYK	1610612752	L	88	1593.0	1097.0
21900298	2019-12-02	1610612741	W	113	CHI @ SAC	1610612758	L	106	1177.0	1311.0
21900299	2019-12-03	1610612739	L	94	CLE vs. DET	1610612765	W	127	1148.0	1299.0
21900300	2019-12-03	1610612753	W	127	ORL @ WAS	1610612764	L	120	1365.0	1264.0
21900301	2019-12-03	1610612748	W	121	MIA @ TOR	1610612761	L	110	1429.0	1536.0
21900302	2019-12-03	1610612740	L	97	NOP vs. DAL	1610612742	W	118	1245.0	1406.0
21900303	2019-12-03	1610612745	L	133	HOU @ SAS	1610612759	W	135	1508.0	1302.0
21900304	2019-12-03	1610612743	L	96	DEN vs. LAL	1610612747	W	105	1475.0	1437.0
21900305	2019-12-03	1610612746	W	117	LAC vs. POR	1610612757	L	97	1466.0	1414.0
21900306	2019-12-04	1610612744	L	91	GSW @ CHA	1610612766	W	106	1272.0	1248.0
21900307	2019-12-04	1610612749	W	127	MIL @ DET	1610612765	L	103	1595.0	1319.0
21900308	2019-12-04	1610612753	W	128	ORL vs. PHX	1610612756	L	114	1375.0	1239.0
21900309	2019-12-04	1610612737	L	118	ATL vs. BKN	1610612751	W	130	1205.0	1342.0
21900310	2019-12-04	1610612738	W	112	BOS vs. MIA	1610612748	L	93	1488.0	1449.0
21900311	2019-12-04	1610612741	W	106	CHI vs. MEM	1610612763	L	99	1193.0	1214.0
21900312	2019-12-04	1610612754	W	107	IND @ OKC	1610612760	L	100	1441.0	1380.0
21900313	2019-12-04	1610612742	W	121	DAL vs. MIN	1610612750	L	114	1421.0	1322.0
21900314	2019-12-04	1610612747	W	121	LAL @ UTA	1610612762	L	96	1453.0	1442.0
21900315	2019-12-04	1610612757	W	127	POR vs. SAC	1610612758	L	116	1402.0	1295.0
21900316	2019-12-05	1610612755	L	113	PHI @ WAS	1610612764	W	119	1462.0	1254.0
21900317	2019-12-05	1610612743	W	129	DEN @ NYK	1610612752	L	92	1459.0	1095.0
21900318	2019-12-05	1610612745	W	119	HOU @ TOR	1610612761	L	109	1500.0	1516.0
21900319	2019-12-05	1610612740	L	132	NOP vs. PHX	1610612756	W	139	1230.0	1232.0
21900320	2019-12-06	1610612751	W	111	BKN @ CHA	1610612766	L	104	1354.0	1261.0
21900321	2019-12-06	1610612739	L	87	CLE vs. ORL	1610612753	W	93	1128.0	1382.0
21900322	2019-12-06	1610612754	L	101	IND @ DET	1610612765	W	108	1452.0	1309.0
21900323	2019-12-06	1610612738	W	108	BOS vs. DEN	1610612743	L	95	1500.0	1468.0
21900324	2019-12-06	1610612748	W	112	MIA vs. WAS	1610612764	L	103	1437.0	1267.0
21900325	2019-12-06	1610612741	L	98	CHI vs. GSW	1610612744	W	100	1201.0	1259.0
21900326	2019-12-06	1610612750	L	127	MIN @ OKC	1610612760	W	139	1317.0	1369.0
21900327	2019-12-06	1610612746	L	91	LAC @ MIL	1610612749	W	119	1478.0	1605.0
21900328	2019-12-06	1610612758	L	104	SAC @ SAS	1610612759	W	105	1288.0	1310.0
21900329	2019-12-06	1610612747	W	136	LAL @ POR	1610612757	L	113	1479.0	1409.0
21900330	2019-12-07	1610612740	L	84	NOP @ DAL	1610612742	W	130	1217.0	1426.0
21900331	2019-12-07	1610612752	L	103	NYK vs. IND	1610612754	W	104	1086.0	1440.0
21900332	2019-12-07	1610612739	L	94	CLE @ PHI	1610612755	W	141	1123.0	1449.0
21900333	2019-12-07	1610612745	W	115	HOU vs. PHX	1610612756	L	109	1516.0	1245.0
21900334	2019-12-07	1610612762	W	126	UTA vs. MEM	1610612763	L	112	1416.0	1206.0
21900335	2019-12-08	1610612743	L	102	DEN @ BKN	1610612751	W	105	1458.0	1364.0
21900336	2019-12-08	1610612737	W	122	ATL @ CHA	1610612766	L	107	1193.0	1251.0
21900337	2019-12-08	1610612741	L	105	CHI @ MIA	1610612748	W	110	1195.0	1441.0
21900338	2019-12-08	1610612755	W	110	PHI vs. TOR	1610612761	L	104	1454.0	1500.0
21900339	2019-12-08	1610612746	W	135	LAC @ WAS	1610612764	L	119	1468.0	1263.0
21900340	2019-12-08	1610612742	L	106	DAL vs. SAC	1610612758	W	110	1435.0	1285.0
21900341	2019-12-08	1610612757	L	96	POR vs. OKC	1610612760	W	108	1388.0	1378.0
21900342	2019-12-08	1610612747	W	142	LAL vs. MIN	1610612750	L	125	1500.0	1308.0
21900343	2019-12-09	1610612746	W	110	LAC @ IND	1610612754	L	99	1479.0	1442.0
21900344	2019-12-09	1610612738	W	110	BOS vs. CLE	1610612739	L	88	1510.0	1118.0
21900345	2019-12-09	1610612741	L	92	CHI vs. TOR	1610612761	W	93	1193.0	1491.0
21900346	2019-12-09	1610612745	L	118	HOU vs. SAC	1610612758	W	119	1518.0	1298.0
21900347	2019-12-09	1610612749	W	110	MIL vs. ORL	1610612753	L	101	1615.0	1387.0
21900348	2019-12-09	1610612740	L	103	NOP vs. DET	1610612765	W	105	1208.0	1321.0
21900349	2019-12-09	1610612750	L	109	MIN @ PHX	1610612756	W	125	1302.0	1243.0
21900350	2019-12-09	1610612760	W	104	OKC @ UTA	1610612762	L	90	1396.0	1421.0
21900351	2019-12-09	1610612744	L	102	GSW vs. MEM	1610612763	W	110	1265.0	1201.0
21900352	2019-12-10	1610612764	L	107	WAS @ CHA	1610612766	W	114	1252.0	1229.0
21900353	2019-12-10	1610612743	L	92	DEN @ PHI	1610612755	W	97	1451.0	1463.0
21900354	2019-12-10	1610612737	L	121	ATL @ MIA	1610612748	W	135	1215.0	1443.0
21900355	2019-12-10	1610612752	L	87	NYK @ POR	1610612757	W	115	1084.0	1370.0
21900356	2019-12-11	1610612739	L	110	CLE vs. HOU	1610612745	W	116	1116.0	1510.0
21900357	2019-12-11	1610612738	L	117	BOS @ IND	1610612754	W	122	1512.0	1427.0
21900358	2019-12-11	1610612747	W	96	LAL @ ORL	1610612753	L	87	1506.0	1384.0
21900359	2019-12-11	1610612746	W	112	LAC @ TOR	1610612761	L	92	1494.0	1493.0
21900360	2019-12-11	1610612751	L	108	BKN vs. CHA	1610612766	W	113	1371.0	1238.0
21900361	2019-12-11	1610612737	L	102	ATL @ CHI	1610612741	W	136	1211.0	1191.0
21900362	2019-12-11	1610612750	L	116	MIN vs. UTA	1610612762	W	127	1287.0	1401.0
21900363	2019-12-11	1610612756	L	108	PHX vs. MEM	1610612763	W	115	1258.0	1217.0
21900364	2019-12-11	1610612740	L	112	NOP @ MIL	1610612749	W	127	1203.0	1618.0
21900365	2019-12-11	1610612758	W	94	SAC vs. OKC	1610612760	L	93	1306.0	1416.0
21900366	2019-12-11	1610612744	L	122	GSW vs. NYK	1610612752	W	124	1249.0	1079.0
21900367	2019-12-12	1610612738	L	109	BOS vs. PHI	1610612755	W	115	1503.0	1469.0
21900368	2019-12-12	1610612739	W	117	CLE @ SAS	1610612759	L	109	1113.0	1313.0
21900369	2019-12-12	1610612742	W	122	DAL @ DET	1610612765	L	111	1422.0	1326.0
21900370	2019-12-12	1610612743	W	114	DEN vs. POR	1610612757	L	99	1445.0	1375.0
21900371	2019-12-13	1610612745	W	130	HOU @ ORL	1610612753	L	107	1513.0	1373.0
21900372	2019-12-13	1610612740	L	109	NOP @ PHI	1610612755	W	116	1201.0	1482.0
21900373	2019-12-13	1610612737	L	100	ATL vs. IND	1610612754	W	110	1190.0	1436.0
21900374	2019-12-13	1610612747	W	113	LAL @ MIA	1610612748	L	110	1517.0	1447.0
21900375	2019-12-13	1610612741	L	73	CHI vs. CHA	1610612766	W	83	1212.0	1252.0
21900376	2019-12-13	1610612749	W	127	MIL @ MEM	1610612763	L	114	1620.0	1231.0
21900377	2019-12-13	1610612746	W	124	LAC @ MIN	1610612750	L	117	1517.0	1275.0
21900378	2019-12-13	1610612752	W	103	NYK @ SAC	1610612758	L	101	1088.0	1311.0
21900379	2019-12-13	1610612744	L	106	GSW @ UTA	1610612762	W	114	1240.0	1413.0
21900380	2019-12-14	1610612756	L	119	PHX vs. SAS	1610612759	W	121	1244.0	1294.0
21900381	2019-12-14	1610612751	L	102	BKN @ TOR	1610612761	W	110	1357.0	1470.0
21900382	2019-12-14	1610612741	W	109	CHI vs. LAC	1610612746	L	106	1198.0	1523.0
21900383	2019-12-14	1610612763	W	128	MEM vs. WAS	1610612764	L	111	1227.0	1243.0
21900384	2019-12-14	1610612742	L	118	DAL vs. MIA	1610612748	W	122	1435.0	1440.0
21900385	2019-12-14	1610612739	L	108	CLE @ MIL	1610612749	W	125	1132.0	1624.0
21900386	2019-12-14	1610612745	L	107	HOU vs. DET	1610612765	W	115	1530.0	1313.0
21900387	2019-12-14	1610612743	W	110	DEN vs. OKC	1610612760	L	102	1454.0	1411.0
21900388	2019-12-15	1610612740	L	119	NOP vs. ORL	1610612753	W	130	1199.0	1356.0
21900389	2019-12-15	1610612754	W	107	IND vs. CHA	1610612766	L	85	1443.0	1266.0
21900390	2019-12-15	1610612737	L	96	ATL vs. LAL	1610612747	W	101	1183.0	1524.0
21900391	2019-12-15	1610612751	W	109	BKN vs. PHI	1610612755	L	89	1352.0	1484.0
21900392	2019-12-15	1610612743	W	111	DEN vs. NYK	1610612752	L	105	1461.0	1098.0
21900393	2019-12-15	1610612744	L	79	GSW vs. SAC	1610612758	W	100	1236.0	1301.0
21900394	2019-12-16	1610612764	W	133	WAS @ DET	1610612765	L	119	1229.0	1332.0
21900395	2019-12-16	1610612739	L	113	CLE @ TOR	1610612761	W	133	1131.0	1475.0
21900396	2019-12-16	1610612745	W	109	HOU vs. SAS	1610612759	L	107	1511.0	1300.0
21900397	2019-12-16	1610612748	L	111	MIA @ MEM	1610612763	W	118	1450.0	1241.0
21900398	2019-12-16	1610612742	W	120	DAL @ MIL	1610612749	L	116	1425.0	1625.0
21900399	2019-12-16	1610612741	L	106	CHI @ OKC	1610612760	W	109	1209.0	1404.0
21900400	2019-12-16	1610612756	L	110	PHX vs. POR	1610612757	W	111	1238.0	1366.0
21900401	2019-12-17	1610612758	L	102	SAC @ CHA	1610612766	W	110	1321.0	1259.0
21900402	2019-12-17	1610612747	L	102	LAL @ IND	1610612754	W	105	1527.0	1450.0
21900403	2019-12-17	1610612737	L	120	ATL @ NYK	1610612752	W	143	1180.0	1097.0
21900404	2019-12-17	1610612740	L	101	NOP vs. BKN	1610612751	W	108	1188.0	1373.0
21900405	2019-12-17	1610612753	L	102	ORL @ UTA	1610612762	W	109	1367.0	1417.0
21900406	2019-12-17	1610612746	W	120	LAC vs. PHX	1610612756	L	99	1512.0	1234.0
21900407	2019-12-18	1610612739	W	100	CLE vs. CHA	1610612766	L	98	1128.0	1269.0
21900408	2019-12-18	1610612761	W	112	TOR @ DET	1610612765	L	99	1478.0	1309.0
21900409	2019-12-18	1610612741	W	110	CHI @ WAS	1610612764	L	109	1207.0	1252.0
21900410	2019-12-18	1610612748	W	108	MIA @ PHI	1610612755	L	104	1436.0	1463.0
21900411	2019-12-18	1610612740	W	107	NOP @ MIN	1610612750	L	99	1180.0	1269.0
21900412	2019-12-18	1610612760	W	126	OKC vs. MEM	1610612763	L	122	1406.0	1255.0
21900413	2019-12-18	1610612738	W	109	BOS @ DAL	1610612742	L	103	1490.0	1438.0
21900414	2019-12-18	1610612743	W	113	DEN vs. ORL	1610612753	L	104	1462.0	1360.0
21900415	2019-12-18	1610612744	L	112	GSW @ POR	1610612757	W	122	1216.0	1370.0
21900416	2019-12-19	1610612737	L	106	ATL vs. UTA	1610612762	W	111	1160.0	1424.0
21900417	2019-12-19	1610612747	L	104	LAL @ MIL	1610612749	W	111	1520.0	1612.0
21900418	2019-12-19	1610612751	L	105	BKN @ SAS	1610612759	W	118	1381.0	1298.0
21900419	2019-12-19	1610612745	W	122	HOU @ LAC	1610612746	L	117	1513.0	1516.0
21900420	2019-12-20	1610612739	W	114	CLE vs. MEM	1610612763	L	107	1135.0	1252.0
21900421	2019-12-20	1610612754	W	119	IND vs. SAC	1610612758	L	105	1457.0	1311.0
21900422	2019-12-20	1610612738	W	114	BOS vs. DET	1610612765	L	93	1501.0	1298.0
21900423	2019-12-20	1610612761	W	122	TOR vs. WAS	1610612764	L	118	1489.0	1246.0
21900424	2019-12-20	1610612748	W	129	MIA vs. NYK	1610612752	L	114	1446.0	1117.0
21900425	2019-12-20	1610612742	W	117	DAL @ PHI	1610612755	L	98	1427.0	1453.0
21900426	2019-12-20	1610612756	L	108	PHX @ OKC	1610612760	W	126	1230.0	1409.0
21900427	2019-12-20	1610612743	W	109	DEN vs. MIN	1610612750	L	100	1468.0	1253.0
21900428	2019-12-20	1610612753	L	103	ORL @ POR	1610612757	W	118	1354.0	1375.0
21900429	2019-12-20	1610612740	L	102	NOP @ GSW	1610612744	W	106	1196.0	1211.0
21900430	2019-12-21	1610612762	W	114	UTA @ CHA	1610612766	L	107	1429.0	1262.0
21900431	2019-12-21	1610612737	L	112	ATL @ BKN	1610612751	W	122	1155.0	1367.0
21900432	2019-12-21	1610612741	W	119	CHI @ DET	1610612765	L	107	1213.0	1292.0
21900433	2019-12-21	1610612755	W	125	PHI vs. WAS	1610612764	L	108	1429.0	1244.0
21900434	2019-12-21	1610612749	W	123	MIL @ NYK	1610612752	L	102	1618.0	1114.0
21900435	2019-12-21	1610612758	L	115	SAC @ MEM	1610612763	W	119	1305.0	1241.0
21900436	2019-12-21	1610612746	W	134	LAC @ SAS	1610612759	L	109	1505.0	1312.0
21900437	2019-12-21	1610612745	W	139	HOU @ PHX	1610612756	L	125	1524.0	1224.0
21900438	2019-12-21	1610612750	L	106	MIN @ POR	1610612757	W	113	1249.0	1386.0
21900439	2019-12-22	1610612742	L	107	DAL @ TOR	1610612761	W	110	1451.0	1491.0
21900440	2019-12-22	1610612738	W	119	BOS vs. CHA	1610612766	L	93	1507.0	1254.0
21900441	2019-12-22	1610612749	W	117	MIL vs. IND	1610612754	L	89	1621.0	1463.0
21900442	2019-12-22	1610612746	L	112	LAC @ OKC	1610612760	W	118	1520.0	1415.0
21900443	2019-12-22	1610612743	W	128	DEN @ LAL	1610612747	L	104	1472.0	1514.0
21900444	2019-12-23	1610612737	L	118	ATL @ CLE	1610612739	W	121	1151.0	1146.0
21900445	2019-12-23	1610612755	W	125	PHI @ DET	1610612765	L	109	1435.0	1272.0
21900446	2019-12-23	1610612754	W	120	IND vs. TOR	1610612761	L	115	1454.0	1495.0
21900447	2019-12-23	1610612752	L	115	NYK vs. WAS	1610612764	W	121	1111.0	1238.0
21900448	2019-12-23	1610612741	L	95	CHI @ ORL	1610612753	W	103	1233.0	1343.0
21900449	2019-12-23	1610612748	W	107	MIA vs. UTA	1610612762	L	104	1449.0	1437.0
21900450	2019-12-23	1610612759	W	145	SAS @ MEM	1610612763	L	115	1297.0	1248.0
21900451	2019-12-23	1610612743	W	113	DEN @ PHX	1610612756	L	111	1500.0	1217.0
21900452	2019-12-23	1610612740	W	102	NOP @ POR	1610612757	L	94	1190.0	1391.0
21900453	2019-12-23	1610612745	W	113	HOU @ SAC	1610612758	L	104	1531.0	1298.0
21900454	2019-12-23	1610612744	W	113	GSW vs. MIN	1610612750	L	104	1217.0	1244.0
21900455	2019-12-25	1610612738	W	118	BOS @ TOR	1610612761	L	102	1512.0	1487.0
21900456	2019-12-25	1610612749	L	109	MIL @ PHI	1610612755	W	121	1630.0	1448.0
21900457	2019-12-25	1610612744	W	116	GSW vs. HOU	1610612745	L	104	1227.0	1538.0
21900458	2019-12-25	1610612746	W	111	LAC @ LAL	1610612747	L	106	1510.0	1486.0
21900459	2019-12-25	1610612740	W	112	NOP @ DEN	1610612743	L	100	1209.0	1503.0
21900460	2019-12-26	1610612764	L	102	WAS @ DET	1610612765	W	132	1247.0	1259.0
21900461	2019-12-26	1610612751	L	82	BKN vs. NYK	1610612752	W	94	1371.0	1102.0
21900462	2019-12-26	1610612760	L	97	OKC vs. MEM	1610612763	W	110	1425.0	1222.0
21900463	2019-12-26	1610612742	W	102	DAL vs. SAS	1610612759	L	98	1447.0	1323.0
21900464	2019-12-26	1610612750	W	105	MIN @ SAC	1610612758	L	104	1234.0	1291.0
21900465	2019-12-26	1610612757	L	115	POR @ UTA	1610612762	W	121	1372.0	1432.0
21900466	2019-12-27	1610612738	W	129	BOS vs. CLE	1610612739	L	117	1531.0	1151.0
21900467	2019-12-27	1610612760	W	104	OKC @ CHA	1610612766	L	102	1400.0	1249.0
21900468	2019-12-27	1610612753	W	98	ORL vs. PHI	1610612755	L	97	1348.0	1466.0
21900469	2019-12-27	1610612737	L	86	ATL vs. MIL	1610612749	W	112	1146.0	1612.0
21900470	2019-12-27	1610612748	W	113	MIA vs. IND	1610612754	L	112	1454.0	1462.0
21900471	2019-12-27	1610612744	W	105	GSW vs. PHX	1610612756	L	96	1249.0	1214.0
21900472	2019-12-28	1610612743	W	119	DEN vs. MEM	1610612763	L	110	1478.0	1247.0
21900473	2019-12-28	1610612738	L	97	BOS vs. TOR	1610612761	W	113	1533.0	1468.0
21900474	2019-12-28	1610612740	W	120	NOP vs. IND	1610612754	L	98	1234.0	1458.0
21900475	2019-12-28	1610612748	W	117	MIA vs. PHI	1610612755	L	116	1458.0	1461.0
21900476	2019-12-28	1610612752	W	107	NYK @ WAS	1610612764	L	100	1127.0	1230.0
21900477	2019-12-28	1610612737	L	81	ATL @ CHI	1610612741	W	116	1142.0	1228.0
21900478	2019-12-28	1610612745	W	108	HOU vs. BKN	1610612751	L	98	1516.0	1346.0
21900479	2019-12-28	1610612739	W	94	CLE @ MIN	1610612750	L	88	1149.0	1240.0
21900480	2019-12-28	1610612749	W	111	MIL vs. ORL	1610612753	L	100	1616.0	1353.0
21900481	2019-12-28	1610612759	W	136	SAS vs. DET	1610612765	L	109	1319.0	1276.0
21900482	2019-12-28	1610612742	W	141	DAL @ GSW	1610612744	L	121	1451.0	1257.0
21900483	2019-12-28	1610612756	W	112	PHX @ SAC	1610612758	L	110	1206.0	1285.0
21900484	2019-12-28	1610612747	W	128	LAL @ POR	1610612757	L	120	1476.0	1366.0
21900485	2019-12-28	1610612746	L	107	LAC vs. UTA	1610612762	W	120	1520.0	1438.0
21900486	2019-12-29	1610612760	W	98	OKC @ TOR	1610612761	L	97	1405.0	1491.0
21900487	2019-12-29	1610612763	W	117	MEM vs. CHA	1610612766	L	104	1244.0	1244.0
21900488	2019-12-29	1610612740	W	127	NOP vs. HOU	1610612745	L	112	1261.0	1521.0
21900489	2019-12-29	1610612743	W	120	DEN vs. SAC	1610612758	L	115	1481.0	1277.0
21900490	2019-12-29	1610612742	L	95	DAL @ LAL	1610612747	W	108	1464.0	1486.0
21900491	2019-12-30	1610612737	W	101	ATL @ ORL	1610612753	L	93	1128.0	1350.0
21900492	2019-12-30	1610612748	L	105	MIA @ WAS	1610612764	W	123	1461.0	1214.0
21900493	2019-12-30	1610612741	L	102	CHI vs. MIL	1610612749	W	123	1242.0	1619.0
21900494	2019-12-30	1610612750	W	122	MIN vs. BKN	1610612751	L	115	1226.0	1341.0
21900495	2019-12-30	1610612762	W	104	UTA vs. DET	1610612765	L	81	1459.0	1262.0
21900496	2019-12-30	1610612756	W	122	PHX @ POR	1610612757	L	116	1214.0	1356.0
21900497	2019-12-31	1610612738	W	109	BOS @ CHA	1610612766	L	92	1510.0	1233.0
21900498	2019-12-31	1610612754	W	115	IND vs. PHI	1610612755	L	97	1431.0	1458.0
21900499	2019-12-31	1610612746	W	105	LAC @ SAC	1610612758	L	87	1499.0	1274.0
21900500	2019-12-31	1610612739	L	97	CLE @ TOR	1610612761	W	117	1163.0	1484.0
21900501	2019-12-31	1610612743	L	104	DEN @ HOU	1610612745	W	130	1484.0	1498.0
21900502	2019-12-31	1610612744	L	113	GSW @ SAS	1610612759	W	117	1244.0	1333.0
21900503	2019-12-31	1610612742	L	101	DAL @ OKC	1610612760	W	106	1454.0	1412.0
21900504	2020-01-01	1610612753	W	122	ORL @ WAS	1610612764	L	101	1331.0	1239.0
21900505	2020-01-01	1610612752	W	117	NYK vs. POR	1610612757	L	93	1143.0	1341.0
21900506	2020-01-01	1610612749	W	106	MIL vs. MIN	1610612750	L	104	1625.0	1237.0
21900507	2020-01-01	1610612747	W	117	LAL vs. PHX	1610612756	L	107	1496.0	1229.0
21900508	2020-01-02	1610612739	L	106	CLE vs. CHA	1610612766	W	109	1160.0	1224.0
21900509	2020-01-02	1610612743	W	124	DEN @ IND	1610612754	L	116	1468.0	1446.0
21900510	2020-01-02	1610612748	W	84	MIA vs. TOR	1610612761	L	76	1436.0	1487.0
21900511	2020-01-02	1610612741	L	98	CHI vs. UTA	1610612762	W	102	1236.0	1466.0
21900512	2020-01-02	1610612744	L	84	GSW @ MIN	1610612750	W	99	1240.0	1236.0
21900513	2020-01-02	1610612742	W	123	DAL vs. BKN	1610612751	L	111	1446.0	1330.0
21900514	2020-01-02	1610612759	L	103	SAS vs. OKC	1610612760	W	109	1337.0	1420.0
21900515	2020-01-02	1610612758	W	128	SAC vs. MEM	1610612763	L	123	1263.0	1255.0
21900516	2020-01-02	1610612746	W	126	LAC vs. DET	1610612765	L	112	1510.0	1255.0
21900517	2020-01-03	1610612737	L	106	ATL @ BOS	1610612738	W	109	1147.0	1519.0
21900518	2020-01-03	1610612748	L	85	MIA @ ORL	1610612753	W	105	1446.0	1350.0
21900519	2020-01-03	1610612757	W	122	POR @ WAS	1610612764	L	103	1314.0	1220.0
21900520	2020-01-03	1610612745	W	118	HOU vs. PHI	1610612755	L	108	1514.0	1443.0
21900521	2020-01-03	1610612752	L	112	NYK @ PHX	1610612756	W	120	1170.0	1226.0
21900522	2020-01-03	1610612740	L	113	NOP @ LAL	1610612747	W	123	1284.0	1499.0
21900523	2020-01-04	1610612746	L	114	LAC vs. MEM	1610612763	W	140	1514.0	1249.0
21900524	2020-01-04	1610612751	L	102	BKN vs. TOR	1610612761	W	121	1323.0	1477.0
21900525	2020-01-04	1610612753	L	96	ORL vs. UTA	1610612762	W	109	1369.0	1471.0
21900526	2020-01-04	1610612737	W	116	ATL vs. IND	1610612754	L	111	1146.0	1433.0
21900527	2020-01-04	1610612739	L	106	CLE vs. OKC	1610612760	W	121	1153.0	1430.0
21900528	2020-01-04	1610612743	L	114	DEN @ WAS	1610612764	W	128	1481.0	1202.0
21900529	2020-01-04	1610612738	W	111	BOS @ CHI	1610612741	L	104	1520.0	1231.0
21900530	2020-01-04	1610612742	L	120	DAL vs. CHA	1610612766	W	123	1453.0	1231.0
21900531	2020-01-04	1610612749	W	127	MIL vs. SAS	1610612759	L	118	1626.0	1327.0
21900532	2020-01-04	1610612744	L	104	GSW vs. DET	1610612765	W	111	1228.0	1251.0
21900533	2020-01-04	1610612740	W	117	NOP @ SAC	1610612758	L	115	1280.0	1269.0
21900534	2020-01-05	1610612746	W	135	LAC vs. NYK	1610612752	L	132	1476.0	1163.0
21900535	2020-01-05	1610612748	W	122	MIA vs. POR	1610612757	L	111	1427.0	1332.0
21900536	2020-01-05	1610612739	L	103	CLE vs. MIN	1610612750	W	118	1145.0	1248.0
21900537	2020-01-05	1610612756	L	114	PHX vs. MEM	1610612763	W	121	1233.0	1287.0
21900538	2020-01-05	1610612747	W	106	LAL vs. DET	1610612765	L	99	1503.0	1263.0
21900539	2020-01-06	1610612754	W	115	IND @ CHA	1610612766	L	104	1420.0	1243.0
21900540	2020-01-06	1610612751	L	89	BKN @ ORL	1610612753	W	101	1308.0	1355.0
21900541	2020-01-06	1610612755	W	120	PHI vs. OKC	1610612760	L	113	1436.0	1438.0
21900542	2020-01-06	1610612738	L	94	BOS @ WAS	1610612764	W	99	1525.0	1225.0
21900543	2020-01-06	1610612737	L	115	ATL vs. DEN	1610612743	W	123	1159.0	1458.0
21900544	2020-01-06	1610612740	L	126	NOP vs. UTA	1610612762	W	128	1287.0	1485.0
21900545	2020-01-06	1610612741	L	110	CHI @ DAL	1610612742	W	118	1226.0	1441.0
21900546	2020-01-06	1610612749	L	104	MIL @ SAS	1610612759	W	126	1628.0	1325.0
21900547	2020-01-06	1610612744	L	98	GSW @ SAC	1610612758	W	111	1216.0	1262.0
21900548	2020-01-07	1610612739	L	113	CLE vs. DET	1610612765	W	115	1130.0	1260.0
21900549	2020-01-07	1610612757	W	101	POR @ TOR	1610612761	L	99	1325.0	1492.0
21900550	2020-01-07	1610612751	L	103	BKN vs. OKC	1610612760	W	111	1299.0	1430.0
21900551	2020-01-07	1610612750	L	112	MIN @ MEM	1610612763	W	119	1263.0	1298.0
21900552	2020-01-07	1610612756	L	103	PHX vs. SAC	1610612758	W	114	1222.0	1271.0
21900553	2020-01-07	1610612747	W	117	LAL vs. NYK	1610612752	L	87	1506.0	1162.0
21900554	2020-01-08	1610612738	L	114	BOS vs. SAS	1610612759	W	129	1511.0	1356.0
21900555	2020-01-08	1610612761	W	112	TOR @ CHA	1610612766	L	110	1483.0	1233.0
21900556	2020-01-08	1610612748	W	122	MIA @ IND	1610612754	L	108	1434.0	1430.0
21900557	2020-01-08	1610612753	W	123	ORL vs. WAS	1610612764	L	89	1364.0	1239.0
21900558	2020-01-08	1610612737	L	115	ATL vs. HOU	1610612745	W	122	1154.0	1521.0
21900559	2020-01-08	1610612742	L	106	DAL vs. DEN	1610612743	W	107	1444.0	1463.0
21900560	2020-01-08	1610612740	W	123	NOP vs. CHI	1610612741	L	108	1283.0	1223.0
21900561	2020-01-08	1610612752	L	104	NYK @ UTA	1610612762	W	128	1158.0	1489.0
21900562	2020-01-08	1610612744	L	98	GSW vs. MIL	1610612749	W	107	1207.0	1597.0
21900563	2020-01-09	1610612739	W	115	CLE @ DET	1610612765	L	112	1125.0	1265.0
21900564	2020-01-09	1610612738	L	98	BOS @ PHI	1610612755	W	109	1486.0	1444.0
21900565	2020-01-09	1610612750	W	116	MIN vs. POR	1610612757	L	102	1256.0	1334.0
21900566	2020-01-09	1610612745	L	92	HOU @ OKC	1610612760	W	113	1524.0	1440.0
21900567	2020-01-10	1610612737	L	101	ATL @ WAS	1610612764	W	111	1151.0	1227.0
21900568	2020-01-10	1610612748	L	113	MIA @ BKN	1610612751	W	117	1453.0	1289.0
21900569	2020-01-10	1610612740	W	123	NOP @ NYK	1610612752	L	111	1293.0	1155.0
21900570	2020-01-10	1610612741	L	105	CHI vs. IND	1610612754	W	116	1213.0	1411.0
21900571	2020-01-10	1610612759	L	121	SAS @ MEM	1610612763	W	134	1381.0	1305.0
21900572	2020-01-10	1610612742	L	114	DAL vs. LAL	1610612747	W	129	1439.0	1510.0
21900573	2020-01-10	1610612753	L	94	ORL @ PHX	1610612756	W	98	1376.0	1207.0
21900574	2020-01-10	1610612762	W	109	UTA vs. CHA	1610612766	L	92	1492.0	1230.0
21900575	2020-01-10	1610612749	W	127	MIL @ SAC	1610612758	L	106	1601.0	1286.0
21900576	2020-01-10	1610612744	L	100	GSW @ LAC	1610612746	W	109	1203.0	1477.0
21900577	2020-01-11	1610612745	W	139	HOU vs. MIN	1610612750	L	109	1505.0	1271.0
21900578	2020-01-11	1610612738	W	140	BOS vs. NOP	1610612740	L	105	1474.0	1305.0
21900579	2020-01-11	1610612741	W	108	CHI @ DET	1610612765	L	99	1204.0	1254.0
21900580	2020-01-11	1610612747	W	125	LAL @ OKC	1610612760	L	110	1527.0	1459.0
21900581	2020-01-11	1610612742	W	109	DAL vs. PHI	1610612755	L	91	1422.0	1456.0
21900582	2020-01-11	1610612739	W	111	CLE @ DEN	1610612743	L	103	1136.0	1468.0
21900583	2020-01-11	1610612749	W	122	MIL @ POR	1610612757	L	101	1609.0	1319.0
21900584	2020-01-12	1610612748	L	121	MIA @ NYK	1610612752	W	124	1443.0	1143.0
21900585	2020-01-12	1610612762	W	127	UTA @ WAS	1610612764	L	116	1496.0	1234.0
21900586	2020-01-12	1610612737	L	86	ATL @ BKN	1610612751	W	108	1144.0	1299.0
21900587	2020-01-12	1610612759	W	105	SAS @ TOR	1610612761	L	104	1367.0	1486.0
21900588	2020-01-12	1610612744	L	102	GSW @ MEM	1610612763	W	122	1200.0	1319.0
21900589	2020-01-12	1610612743	W	114	DEN vs. LAC	1610612746	L	104	1447.0	1480.0
21900590	2020-01-12	1610612756	W	100	PHX vs. CHA	1610612766	L	92	1217.0	1226.0
21900591	2020-01-13	1610612740	W	117	NOP @ DET	1610612765	L	110	1295.0	1238.0
21900592	2020-01-13	1610612754	W	101	IND vs. PHI	1610612755	L	95	1420.0	1441.0
21900593	2020-01-13	1610612738	W	113	BOS vs. CHI	1610612741	L	101	1484.0	1220.0
21900594	2020-01-13	1610612750	L	104	MIN vs. OKC	1610612760	W	117	1265.0	1442.0
21900595	2020-01-13	1610612757	W	115	POR vs. CHA	1610612766	L	112	1310.0	1217.0
21900596	2020-01-13	1610612753	W	114	ORL @ SAC	1610612758	L	112	1366.0	1278.0
21900597	2020-01-13	1610612739	L	99	CLE @ LAL	1610612747	W	128	1157.0	1544.0
21900598	2020-01-14	1610612737	W	123	ATL vs. PHX	1610612756	L	110	1136.0	1226.0
21900599	2020-01-14	1610612751	L	107	BKN vs. UTA	1610612762	W	118	1307.0	1503.0
21900600	2020-01-14	1610612745	L	110	HOU @ MEM	1610612763	W	121	1511.0	1328.0
21900601	2020-01-14	1610612749	W	128	MIL vs. NYK	1610612752	L	102	1618.0	1154.0
21900602	2020-01-14	1610612742	W	124	DAL @ GSW	1610612744	L	97	1437.0	1191.0
21900603	2020-01-14	1610612739	L	103	CLE @ LAC	1610612746	W	128	1154.0	1469.0
21900604	2020-01-15	1610612738	L	103	BOS vs. DET	1610612765	W	116	1487.0	1227.0
21900605	2020-01-15	1610612751	L	106	BKN @ PHI	1610612755	W	117	1298.0	1433.0
21900606	2020-01-15	1610612748	W	106	MIA vs. SAS	1610612759	L	100	1432.0	1374.0
21900607	2020-01-15	1610612741	W	115	CHI vs. WAS	1610612764	L	106	1217.0	1227.0
21900608	2020-01-15	1610612750	L	99	MIN vs. IND	1610612754	W	104	1254.0	1428.0
21900609	2020-01-15	1610612760	L	121	OKC vs. TOR	1610612761	W	130	1453.0	1479.0
21900610	2020-01-15	1610612743	W	100	DEN vs. CHA	1610612766	L	86	1458.0	1213.0
21900611	2020-01-15	1610612745	L	107	HOU vs. POR	1610612757	W	117	1494.0	1314.0
21900612	2020-01-15	1610612742	W	127	DAL @ SAC	1610612758	L	123	1450.0	1272.0
21900613	2020-01-15	1610612747	L	118	LAL vs. ORL	1610612753	W	119	1547.0	1372.0
21900614	2020-01-16	1610612752	L	98	NYK vs. PHX	1610612756	W	121	1152.0	1211.0
21900615	2020-01-16	1610612738	L	123	BOS @ MIL	1610612749	W	128	1461.0	1620.0
21900616	2020-01-16	1610612740	W	138	NOP vs. UTA	1610612762	L	132	1306.0	1512.0
21900617	2020-01-16	1610612743	W	134	DEN @ GSW	1610612744	L	131	1462.0	1178.0
21900618	2020-01-16	1610612746	W	122	LAC vs. ORL	1610612753	L	95	1473.0	1379.0
21900619	2020-01-17	1610612750	L	114	MIN @ IND	1610612754	W	116	1247.0	1435.0
21900620	2020-01-17	1610612741	L	89	CHI @ PHI	1610612755	W	100	1226.0	1439.0
21900621	2020-01-17	1610612761	W	140	TOR vs. WAS	1610612764	L	111	1493.0	1218.0
21900622	2020-01-17	1610612739	L	109	CLE @ MEM	1610612763	W	113	1150.0	1345.0
21900623	2020-01-17	1610612748	W	115	MIA @ OKC	1610612760	L	108	1438.0	1439.0
21900624	2020-01-17	1610612737	W	121	ATL @ SAS	1610612759	L	120	1151.0	1368.0
21900625	2020-01-17	1610612742	W	120	DAL vs. POR	1610612757	L	112	1456.0	1335.0
21900626	2020-01-18	1610612740	L	130	NOP vs. LAC	1610612746	W	133	1319.0	1485.0
21900627	2020-01-18	1610612749	W	117	MIL @ BKN	1610612751	L	97	1623.0	1292.0
21900628	2020-01-18	1610612738	L	119	BOS vs. PHX	1610612756	W	123	1458.0	1233.0
21900629	2020-01-18	1610612737	L	103	ATL vs. DET	1610612765	W	136	1159.0	1253.0
21900630	2020-01-18	1610612752	L	87	NYK vs. PHI	1610612755	W	90	1130.0	1443.0
21900631	2020-01-18	1610612739	L	116	CLE @ CHI	1610612741	W	118	1147.0	1222.0
21900632	2020-01-18	1610612750	L	112	MIN vs. TOR	1610612761	W	122	1245.0	1498.0
21900633	2020-01-18	1610612745	L	115	HOU vs. LAL	1610612747	W	124	1473.0	1540.0
21900634	2020-01-18	1610612744	W	109	GSW vs. ORL	1610612753	L	95	1175.0	1367.0
21900635	2020-01-18	1610612757	L	106	POR @ OKC	1610612760	W	119	1330.0	1426.0
21900636	2020-01-18	1610612758	L	101	SAC @ UTA	1610612762	W	123	1266.0	1499.0
21900637	2020-01-19	1610612748	L	102	MIA @ SAS	1610612759	W	107	1451.0	1360.0
21900638	2020-01-19	1610612743	L	107	DEN vs. IND	1610612754	W	115	1465.0	1437.0
21900639	2020-01-20	1610612764	W	106	WAS vs. DET	1610612765	L	100	1213.0	1277.0
21900640	2020-01-20	1610612737	L	117	ATL vs. TOR	1610612761	W	122	1135.0	1505.0
21900641	2020-01-20	1610612751	L	111	BKN vs. PHI	1610612755	W	117	1285.0	1446.0
21900642	2020-01-20	1610612753	W	106	ORL @ CHA	1610612766	L	83	1347.0	1209.0
21900643	2020-01-20	1610612739	L	86	CLE vs. NYK	1610612752	W	106	1144.0	1127.0
21900644	2020-01-20	1610612748	W	118	MIA vs. SAC	1610612758	L	113	1442.0	1261.0
21900645	2020-01-20	1610612745	L	107	HOU vs. OKC	1610612760	W	112	1460.0	1434.0
21900646	2020-01-20	1610612740	W	126	NOP @ MEM	1610612763	L	116	1314.0	1348.0
21900647	2020-01-20	1610612741	L	98	CHI @ MIL	1610612749	W	111	1225.0	1630.0
21900648	2020-01-20	1610612738	W	139	BOS vs. LAL	1610612747	L	107	1444.0	1553.0
21900649	2020-01-20	1610612743	W	107	DEN @ MIN	1610612750	L	100	1450.0	1238.0
21900650	2020-01-20	1610612756	L	118	PHX vs. SAS	1610612759	W	120	1247.0	1369.0
21900651	2020-01-20	1610612754	L	88	IND @ UTA	1610612762	W	118	1452.0	1504.0
21900652	2020-01-20	1610612744	L	124	GSW @ POR	1610612757	W	129	1195.0	1322.0
21900653	2020-01-21	1610612742	L	107	DAL vs. LAC	1610612746	W	110	1461.0	1490.0
21900654	2020-01-22	1610612758	L	106	SAC @ DET	1610612765	W	127	1258.0	1268.0
21900655	2020-01-22	1610612753	L	114	ORL vs. OKC	1610612760	W	120	1364.0	1446.0
21900656	2020-01-22	1610612737	W	102	ATL vs. LAC	1610612746	L	95	1132.0	1498.0
21900657	2020-01-22	1610612738	W	119	BOS vs. MEM	1610612763	L	95	1470.0	1331.0
21900658	2020-01-22	1610612748	W	134	MIA vs. WAS	1610612764	L	129	1445.0	1222.0
21900659	2020-01-22	1610612747	W	100	LAL @ NYK	1610612752	L	92	1527.0	1151.0
21900660	2020-01-22	1610612755	L	95	PHI @ TOR	1610612761	W	107	1454.0	1508.0
21900661	2020-01-22	1610612741	W	117	CHI vs. MIN	1610612750	L	110	1223.0	1231.0
21900662	2020-01-22	1610612743	L	105	DEN @ HOU	1610612745	W	121	1457.0	1448.0
21900663	2020-01-22	1610612740	L	117	NOP vs. SAS	1610612759	W	121	1331.0	1374.0
21900664	2020-01-22	1610612754	W	112	IND @ PHX	1610612756	L	87	1437.0	1242.0
21900665	2020-01-22	1610612744	L	96	GSW vs. UTA	1610612762	W	129	1191.0	1519.0
21900666	2020-01-23	1610612739	L	112	CLE vs. WAS	1610612764	W	124	1120.0	1219.0
21900667	2020-01-23	1610612747	W	128	LAL @ BKN	1610612751	L	113	1531.0	1277.0
21900668	2020-01-23	1610612742	W	133	DAL @ POR	1610612757	L	125	1453.0	1326.0
21900669	2020-01-24	1610612749	W	116	MIL @ CHA	1610612766	L	103	1632.0	1192.0
21900670	2020-01-24	1610612763	W	125	MEM @ DET	1610612765	L	112	1322.0	1282.0
21900671	2020-01-24	1610612738	W	109	BOS @ ORL	1610612753	L	98	1479.0	1354.0
21900672	2020-01-24	1610612752	L	112	NYK vs. TOR	1610612761	W	118	1147.0	1517.0
21900673	2020-01-24	1610612746	W	122	LAC @ MIA	1610612748	L	117	1481.0	1448.0
21900674	2020-01-24	1610612741	L	81	CHI vs. SAC	1610612758	W	98	1231.0	1244.0
21900675	2020-01-24	1610612745	W	131	HOU @ MIN	1610612750	L	124	1461.0	1223.0
21900676	2020-01-24	1610612740	L	106	NOP vs. DEN	1610612743	W	113	1322.0	1444.0
21900677	2020-01-24	1610612737	L	111	ATL @ OKC	1610612760	W	140	1149.0	1456.0
21900678	2020-01-24	1610612756	W	103	PHX @ SAS	1610612759	L	99	1227.0	1383.0
21900679	2020-01-24	1610612744	L	118	GSW vs. IND	1610612754	W	129	1181.0	1452.0
21900680	2020-01-25	1610612742	L	107	DAL @ UTA	1610612762	W	112	1463.0	1529.0
21900681	2020-01-25	1610612751	W	121	BKN @ DET	1610612765	L	111	1268.0	1265.0
21900682	2020-01-25	1610612739	L	106	CLE vs. CHI	1610612741	W	118	1107.0	1210.0
21900683	2020-01-25	1610612750	L	104	MIN vs. OKC	1610612760	W	113	1217.0	1460.0
21900684	2020-01-25	1610612747	L	91	LAL @ PHI	1610612755	W	108	1540.0	1445.0
21900685	2020-01-26	1610612743	W	117	DEN vs. HOU	1610612745	L	110	1453.0	1467.0
21900686	2020-01-26	1610612759	L	106	SAS vs. TOR	1610612761	W	110	1370.0	1520.0
21900687	2020-01-26	1610612737	W	152	ATL vs. WAS	1610612764	L	133	1145.0	1232.0
21900688	2020-01-26	1610612751	L	97	BKN @ NYK	1610612752	W	110	1284.0	1144.0
21900689	2020-01-26	1610612746	W	112	LAC @ ORL	1610612753	L	97	1491.0	1342.0
21900690	2020-01-26	1610612756	L	109	PHX @ MEM	1610612763	W	114	1240.0	1339.0
21900691	2020-01-26	1610612738	L	108	BOS @ NOP	1610612740	W	123	1491.0	1313.0
21900692	2020-01-26	1610612754	L	129	IND @ POR	1610612757	W	139	1459.0	1316.0
21900693	2020-01-27	1610612739	W	115	CLE @ DET	1610612765	L	100	1094.0	1249.0
21900694	2020-01-27	1610612748	W	113	MIA vs. ORL	1610612753	L	92	1438.0	1329.0
21900695	2020-01-27	1610612741	W	110	CHI vs. SAS	1610612759	L	109	1223.0	1364.0
21900696	2020-01-27	1610612750	L	129	MIN vs. SAC	1610612758	W	133	1210.0	1265.0
21900697	2020-01-27	1610612742	W	107	DAL @ OKC	1610612760	L	97	1458.0	1467.0
21900698	2020-01-27	1610612745	W	126	HOU @ UTA	1610612762	L	117	1459.0	1534.0
21900699	2020-01-28	1610612752	L	92	NYK @ CHA	1610612766	W	97	1161.0	1189.0
21900700	2020-01-28	1610612739	L	111	CLE vs. NOP	1610612740	W	125	1119.0	1333.0
21900701	2020-01-28	1610612738	W	109	BOS @ MIA	1610612748	L	101	1471.0	1447.0
21900702	2020-01-28	1610612744	L	104	GSW @ PHI	1610612755	W	115	1174.0	1462.0
21900703	2020-01-28	1610612737	L	114	ATL @ TOR	1610612761	W	130	1163.0	1526.0
21900704	2020-01-28	1610612743	L	96	DEN @ MEM	1610612763	W	104	1461.0	1343.0
21900705	2020-01-28	1610612749	W	151	MIL vs. WAS	1610612764	L	131	1635.0	1214.0
21900706	2020-01-28	1610612742	L	104	DAL vs. PHX	1610612756	W	133	1474.0	1236.0
21900708	2020-01-29	1610612741	L	106	CHI @ IND	1610612754	W	115	1228.0	1444.0
21900709	2020-01-29	1610612751	W	125	BKN vs. DET	1610612765	L	115	1267.0	1224.0
21900710	2020-01-29	1610612752	L	106	NYK vs. MEM	1610612763	W	127	1155.0	1355.0
21900711	2020-01-29	1610612759	W	127	SAS vs. UTA	1610612762	L	120	1359.0	1517.0
21900712	2020-01-29	1610612745	L	112	HOU @ POR	1610612757	W	125	1476.0	1331.0
21900713	2020-01-29	1610612758	L	100	SAC vs. OKC	1610612760	W	120	1274.0	1451.0
21900714	2020-01-30	1610612739	L	109	CLE vs. TOR	1610612761	W	115	1109.0	1528.0
21900715	2020-01-30	1610612764	W	121	WAS vs. CHA	1610612766	L	107	1212.0	1195.0
21900716	2020-01-30	1610612737	W	127	ATL vs. PHI	1610612755	L	117	1161.0	1465.0
21900717	2020-01-30	1610612738	W	119	BOS vs. GSW	1610612744	L	104	1484.0	1171.0
21900718	2020-01-30	1610612743	W	106	DEN vs. UTA	1610612762	L	100	1449.0	1504.0
21900719	2020-01-30	1610612746	L	103	LAC vs. SAC	1610612758	W	124	1504.0	1260.0
21900720	2020-01-31	1610612761	W	105	TOR @ DET	1610612765	L	92	1530.0	1216.0
21900721	2020-01-31	1610612741	L	118	CHI @ BKN	1610612751	W	133	1224.0	1275.0
21900722	2020-01-31	1610612742	L	121	DAL @ HOU	1610612745	W	128	1434.0	1459.0
21900723	2020-01-31	1610612740	W	139	NOP vs. MEM	1610612763	L	111	1343.0	1368.0
21900724	2020-01-31	1610612743	W	127	DEN @ MIL	1610612749	L	115	1458.0	1637.0
21900725	2020-01-31	1610612756	L	107	PHX vs. OKC	1610612760	W	111	1276.0	1465.0
21900726	2020-01-31	1610612747	L	119	LAL vs. POR	1610612757	W	127	1523.0	1348.0
21900727	2020-02-01	1610612746	W	118	LAC vs. MIN	1610612750	L	106	1471.0	1201.0
21900728	2020-02-01	1610612752	W	92	NYK @ IND	1610612754	L	85	1142.0	1448.0
21900729	2020-02-01	1610612748	W	102	MIA @ ORL	1610612753	L	89	1434.0	1320.0
21900730	2020-02-01	1610612739	L	112	CLE vs. GSW	1610612744	W	131	1107.0	1168.0
21900731	2020-02-01	1610612751	L	107	BKN @ WAS	1610612764	W	113	1285.0	1223.0
21900732	2020-02-01	1610612738	W	116	BOS vs. PHI	1610612755	L	95	1487.0	1445.0
21900733	2020-02-01	1610612737	L	100	ATL @ DAL	1610612742	W	123	1181.0	1427.0
21900734	2020-02-01	1610612759	W	114	SAS vs. CHA	1610612766	L	90	1372.0	1184.0
21900735	2020-02-01	1610612757	W	124	POR vs. UTA	1610612762	L	107	1366.0	1495.0
21900736	2020-02-01	1610612747	W	129	LAL @ SAC	1610612758	L	113	1505.0	1293.0
21900737	2020-02-02	1610612743	L	123	DEN @ DET	1610612765	W	128	1481.0	1210.0
21900738	2020-02-02	1610612740	L	109	NOP @ HOU	1610612745	W	117	1362.0	1466.0
21900739	2020-02-02	1610612749	W	129	MIL vs. PHX	1610612756	L	108	1614.0	1270.0
21900740	2020-02-02	1610612741	L	102	CHI @ TOR	1610612761	W	129	1214.0	1536.0
21900741	2020-02-03	1610612753	W	112	ORL @ CHA	1610612766	L	100	1307.0	1177.0
21900742	2020-02-03	1610612739	L	134	CLE vs. NYK	1610612752	W	139	1088.0	1161.0
21900743	2020-02-03	1610612742	W	112	DAL @ IND	1610612754	L	103	1432.0	1429.0
21900744	2020-02-03	1610612744	W	125	GSW @ WAS	1610612764	L	117	1187.0	1232.0
21900745	2020-02-03	1610612737	L	115	ATL vs. BOS	1610612738	W	123	1176.0	1499.0
21900746	2020-02-03	1610612751	W	119	BKN vs. PHX	1610612756	L	97	1276.0	1267.0
21900747	2020-02-03	1610612748	W	137	MIA vs. PHI	1610612755	L	106	1447.0	1433.0
21900748	2020-02-03	1610612763	W	96	MEM vs. DET	1610612765	L	82	1349.0	1223.0
21900749	2020-02-03	1610612750	L	109	MIN @ SAC	1610612758	W	113	1198.0	1282.0
21900750	2020-02-03	1610612746	W	108	LAC vs. SAS	1610612759	L	105	1474.0	1379.0
21900751	2020-02-04	1610612740	L	108	NOP vs. MIL	1610612749	W	120	1356.0	1617.0
21900752	2020-02-04	1610612745	W	125	HOU vs. CHA	1610612766	L	110	1472.0	1165.0
21900753	2020-02-04	1610612743	W	127	DEN vs. POR	1610612757	L	99	1468.0	1385.0
21900754	2020-02-04	1610612747	W	129	LAL vs. SAS	1610612759	L	102	1516.0	1375.0
21900755	2020-02-05	1610612756	L	108	PHX @ DET	1610612765	W	116	1253.0	1216.0
21900756	2020-02-05	1610612738	W	116	BOS vs. ORL	1610612753	L	100	1504.0	1319.0
21900757	2020-02-05	1610612744	L	88	GSW @ BKN	1610612751	W	129	1202.0	1290.0
21900758	2020-02-05	1610612754	L	118	IND @ TOR	1610612761	W	119	1414.0	1540.0
21900759	2020-02-05	1610612737	W	127	ATL @ MIN	1610612750	L	120	1171.0	1194.0
21900760	2020-02-05	1610612739	L	103	CLE @ OKC	1610612760	W	109	1079.0	1471.0
21900761	2020-02-05	1610612742	L	107	DAL vs. MEM	1610612763	W	121	1447.0	1356.0
21900762	2020-02-05	1610612743	W	98	DEN @ UTA	1610612762	L	95	1480.0	1476.0
21900763	2020-02-05	1610612746	W	128	LAC vs. MIA	1610612748	L	111	1478.0	1464.0
21900764	2020-02-06	1610612752	W	105	NYK vs. ORL	1610612753	L	103	1170.0	1313.0
21900765	2020-02-06	1610612740	W	125	NOP @ CHI	1610612741	L	119	1349.0	1210.0
21900766	2020-02-06	1610612749	W	112	MIL vs. PHI	1610612755	L	101	1624.0	1416.0
21900767	2020-02-06	1610612757	W	125	POR vs. SAS	1610612759	L	117	1373.0	1366.0
21900768	2020-02-06	1610612745	W	121	HOU @ LAL	1610612747	L	111	1475.0	1525.0
21900769	2020-02-07	1610612755	W	119	PHI vs. MEM	1610612763	L	107	1412.0	1378.0
21900770	2020-02-07	1610612742	L	118	DAL @ WAS	1610612764	W	119	1425.0	1217.0
21900771	2020-02-07	1610612737	L	107	ATL @ BOS	1610612738	W	112	1185.0	1510.0
21900772	2020-02-07	1610612754	L	106	IND vs. TOR	1610612761	W	115	1412.0	1542.0
21900773	2020-02-07	1610612760	W	108	OKC vs. DET	1610612765	L	101	1472.0	1226.0
21900774	2020-02-07	1610612745	L	91	HOU @ PHX	1610612756	W	127	1492.0	1243.0
21900775	2020-02-07	1610612748	L	97	MIA @ SAC	1610612758	W	105	1452.0	1286.0
21900776	2020-02-07	1610612757	L	114	POR @ UTA	1610612762	W	117	1381.0	1467.0
21900777	2020-02-08	1610612749	W	111	MIL @ ORL	1610612753	L	95	1628.0	1306.0
21900778	2020-02-08	1610612742	W	116	DAL @ CHA	1610612766	L	100	1419.0	1162.0
21900779	2020-02-08	1610612752	W	95	NYK @ DET	1610612765	L	92	1177.0	1223.0
21900780	2020-02-08	1610612740	W	124	NOP @ IND	1610612754	L	117	1357.0	1402.0
21900781	2020-02-08	1610612751	L	118	BKN @ TOR	1610612761	W	119	1305.0	1552.0
21900782	2020-02-08	1610612746	L	115	LAC @ MIN	1610612750	W	142	1490.0	1180.0
21900783	2020-02-08	1610612744	L	120	GSW vs. LAL	1610612747	W	125	1187.0	1508.0
21900784	2020-02-08	1610612743	W	117	DEN @ PHX	1610612756	L	108	1489.0	1281.0
21900785	2020-02-08	1610612758	W	122	SAC vs. SAS	1610612759	L	102	1300.0	1358.0
21900786	2020-02-09	1610612738	W	112	BOS @ OKC	1610612760	L	111	1512.0	1475.0
21900787	2020-02-09	1610612737	W	140	ATL vs. NYK	1610612752	L	135	1183.0	1186.0
21900788	2020-02-09	1610612741	L	111	CHI @ PHI	1610612755	W	118	1202.0	1421.0
21900789	2020-02-09	1610612763	W	106	MEM @ WAS	1610612764	L	99	1369.0	1223.0
21900790	2020-02-09	1610612745	L	113	HOU vs. UTA	1610612762	W	114	1454.0	1471.0
21900791	2020-02-09	1610612739	L	92	CLE vs. LAC	1610612746	W	133	1078.0	1455.0
21900792	2020-02-09	1610612748	L	109	MIA @ POR	1610612757	W	115	1438.0	1377.0
21900793	2020-02-10	1610612765	L	76	DET vs. CHA	1610612766	W	87	1214.0	1153.0
21900794	2020-02-10	1610612751	W	106	BKN @ IND	1610612754	L	105	1304.0	1388.0
21900795	2020-02-10	1610612737	L	126	ATL @ ORL	1610612753	W	135	1190.0	1299.0
21900796	2020-02-10	1610612750	L	126	MIN @ TOR	1610612761	W	137	1215.0	1553.0
21900797	2020-02-10	1610612749	W	123	MIL vs. SAC	1610612758	L	111	1635.0	1317.0
21900798	2020-02-10	1610612742	L	119	DAL vs. UTA	1610612762	W	123	1428.0	1476.0
21900799	2020-02-10	1610612743	W	127	DEN vs. SAS	1610612759	L	120	1497.0	1341.0
21900800	2020-02-10	1610612744	L	101	GSW vs. MIA	1610612748	W	113	1183.0	1429.0
21900801	2020-02-10	1610612747	W	125	LAL vs. PHX	1610612756	L	100	1512.0	1273.0
21900802	2020-02-11	1610612746	L	103	LAC @ PHI	1610612755	W	110	1464.0	1424.0
21900803	2020-02-11	1610612741	L	114	CHI @ WAS	1610612764	W	126	1199.0	1214.0
21900804	2020-02-11	1610612740	W	138	NOP vs. POR	1610612757	L	117	1371.0	1386.0
21900805	2020-02-11	1610612759	W	114	SAS @ OKC	1610612760	L	106	1337.0	1470.0
21900806	2020-02-11	1610612738	L	105	BOS @ HOU	1610612745	W	116	1517.0	1449.0
21900807	2020-02-12	1610612737	L	105	ATL @ CLE	1610612739	W	127	1184.0	1069.0
21900808	2020-02-12	1610612753	W	116	ORL vs. DET	1610612765	L	112	1305.0	1195.0
21900809	2020-02-12	1610612751	W	101	BKN vs. TOR	1610612761	L	91	1311.0	1555.0
21900810	2020-02-12	1610612749	L	111	MIL @ IND	1610612754	W	118	1637.0	1381.0
21900811	2020-02-12	1610612752	L	96	NYK vs. WAS	1610612764	W	114	1179.0	1224.0
21900812	2020-02-12	1610612757	L	104	POR @ MEM	1610612763	W	111	1371.0	1378.0
21900813	2020-02-12	1610612750	L	108	MIN vs. CHA	1610612766	W	115	1213.0	1172.0
21900814	2020-02-12	1610612742	W	130	DAL vs. SAC	1610612758	L	111	1419.0	1315.0
21900815	2020-02-12	1610612744	L	106	GSW @ PHX	1610612756	W	112	1175.0	1267.0
21900816	2020-02-12	1610612748	L	101	MIA @ UTA	1610612762	W	116	1437.0	1485.0
21900817	2020-02-12	1610612743	L	116	DEN vs. LAL	1610612747	W	120	1501.0	1518.0
21900818	2020-02-13	1610612738	W	141	BOS vs. LAC	1610612746	L	133	1504.0	1455.0
21900819	2020-02-13	1610612740	L	118	NOP vs. OKC	1610612760	W	123	1386.0	1453.0
21900820	2020-02-20	1610612749	W	126	MIL @ DET	1610612765	L	106	1622.0	1191.0
21900821	2020-02-20	1610612737	W	129	ATL vs. MIA	1610612748	L	124	1163.0	1427.0
21900822	2020-02-20	1610612751	L	104	BKN @ PHI	1610612755	W	112	1329.0	1433.0
21900823	2020-02-20	1610612741	L	93	CHI vs. CHA	1610612766	W	103	1189.0	1186.0
21900824	2020-02-20	1610612758	W	129	SAC vs. MEM	1610612763	L	125	1306.0	1386.0
21900825	2020-02-20	1610612744	L	105	GSW vs. HOU	1610612745	W	135	1170.0	1462.0
21900826	2020-02-21	1610612742	W	122	DAL @ ORL	1610612753	L	106	1428.0	1309.0
21900827	2020-02-21	1610612739	W	113	CLE @ WAS	1610612764	L	108	1090.0	1244.0
21900828	2020-02-21	1610612752	L	98	NYK vs. IND	1610612754	W	106	1159.0	1396.0
21900829	2020-02-21	1610612756	L	101	PHX @ TOR	1610612761	W	118	1272.0	1537.0
21900830	2020-02-21	1610612738	W	127	BOS @ MIN	1610612750	L	117	1511.0	1199.0
21900831	2020-02-21	1610612743	L	101	DEN @ OKC	1610612760	W	113	1492.0	1462.0
21900832	2020-02-21	1610612759	W	113	SAS @ UTA	1610612762	L	104	1354.0	1495.0
21900833	2020-02-21	1610612747	W	117	LAL vs. MEM	1610612763	L	105	1527.0	1378.0
21900834	2020-02-21	1610612740	W	128	NOP @ POR	1610612757	L	115	1377.0	1363.0
21900835	2020-02-22	1610612746	L	103	LAC vs. SAC	1610612758	W	112	1448.0	1314.0
21900836	2020-02-22	1610612751	W	115	BKN @ CHA	1610612766	L	86	1323.0	1202.0
21900837	2020-02-22	1610612737	W	111	ATL vs. DAL	1610612742	L	107	1176.0	1443.0
21900838	2020-02-22	1610612739	L	105	CLE @ MIA	1610612748	W	124	1104.0	1414.0
21900839	2020-02-22	1610612741	L	104	CHI vs. PHX	1610612756	W	112	1173.0	1268.0
21900840	2020-02-22	1610612749	W	119	MIL vs. PHI	1610612755	L	98	1627.0	1439.0
21900841	2020-02-22	1610612745	W	120	HOU @ UTA	1610612762	L	110	1473.0	1476.0
21900842	2020-02-23	1610612738	L	112	BOS @ LAL	1610612747	W	114	1516.0	1533.0
21900843	2020-02-23	1610612754	L	81	IND @ TOR	1610612761	W	127	1403.0	1541.0
21900844	2020-02-23	1610612743	W	128	DEN vs. MIN	1610612750	L	116	1480.0	1194.0
21900845	2020-02-23	1610612741	W	126	CHI vs. WAS	1610612764	L	117	1162.0	1230.0
21900846	2020-02-23	1610612759	L	103	SAS @ OKC	1610612760	W	131	1373.0	1474.0
21900847	2020-02-23	1610612740	W	115	NOP @ GSW	1610612744	L	101	1395.0	1159.0
21900848	2020-02-23	1610612757	W	107	POR vs. DET	1610612765	L	104	1345.0	1186.0
21900849	2020-02-24	1610612739	W	125	CLE vs. MIA	1610612748	L	119	1101.0	1417.0
21900850	2020-02-24	1610612737	L	112	ATL @ PHI	1610612755	W	129	1188.0	1432.0
21900851	2020-02-24	1610612749	W	137	MIL @ WAS	1610612764	L	134	1634.0	1219.0
21900852	2020-02-24	1610612751	L	113	BKN vs. ORL	1610612753	W	115	1344.0	1294.0
21900853	2020-02-24	1610612745	W	123	HOU vs. NYK	1610612752	L	112	1489.0	1152.0
21900854	2020-02-24	1610612742	W	139	DAL vs. MIN	1610612750	L	123	1431.0	1191.0
21900855	2020-02-24	1610612756	W	131	PHX @ UTA	1610612762	L	111	1279.0	1460.0
21900856	2020-02-24	1610612746	W	124	LAC vs. MEM	1610612763	L	97	1429.0	1372.0
21900857	2020-02-25	1610612754	W	119	IND vs. CHA	1610612766	L	80	1390.0	1181.0
21900858	2020-02-25	1610612749	W	108	MIL @ TOR	1610612761	L	97	1636.0	1554.0
21900859	2020-02-25	1610612741	L	122	CHI vs. OKC	1610612760	W	124	1173.0	1485.0
21900860	2020-02-25	1610612743	W	115	DEN vs. DET	1610612765	L	98	1483.0	1183.0
21900861	2020-02-25	1610612740	L	109	NOP @ LAL	1610612747	W	118	1404.0	1537.0
21900862	2020-02-25	1610612738	W	118	BOS @ POR	1610612757	L	106	1512.0	1348.0
21900863	2020-02-25	1610612744	L	94	GSW vs. SAC	1610612758	W	112	1150.0	1333.0
21900864	2020-02-26	1610612752	L	101	NYK @ CHA	1610612766	W	107	1150.0	1173.0
21900865	2020-02-26	1610612739	W	108	CLE vs. PHI	1610612755	L	94	1116.0	1436.0
21900866	2020-02-26	1610612751	L	106	BKN @ WAS	1610612764	W	110	1336.0	1217.0
21900867	2020-02-26	1610612737	L	120	ATL vs. ORL	1610612753	W	130	1184.0	1302.0
21900868	2020-02-26	1610612748	L	126	MIA vs. MIN	1610612750	W	129	1402.0	1187.0
21900869	2020-02-26	1610612742	W	109	DAL @ SAS	1610612759	L	103	1435.0	1362.0
21900870	2020-02-26	1610612745	W	140	HOU vs. MEM	1610612763	L	112	1491.0	1359.0
21900871	2020-02-26	1610612746	W	102	LAC @ PHX	1610612756	L	92	1442.0	1310.0
21900872	2020-02-26	1610612738	W	114	BOS @ UTA	1610612762	L	103	1523.0	1429.0
21900873	2020-02-27	1610612752	L	106	NYK @ PHI	1610612755	W	115	1143.0	1412.0
21900874	2020-02-27	1610612754	W	106	IND vs. POR	1610612757	L	100	1398.0	1337.0
21900875	2020-02-27	1610612758	L	108	SAC @ OKC	1610612760	W	112	1346.0	1487.0
21900876	2020-02-27	1610612744	L	86	GSW vs. LAL	1610612747	W	116	1137.0	1542.0
21900877	2020-02-28	1610612750	L	125	MIN @ ORL	1610612753	W	136	1199.0	1314.0
21900878	2020-02-28	1610612737	W	141	ATL vs. BKN	1610612751	L	118	1172.0	1327.0
21900879	2020-02-28	1610612761	L	96	TOR vs. CHA	1610612766	W	99	1540.0	1180.0
21900880	2020-02-28	1610612742	L	118	DAL @ MIA	1610612748	W	126	1445.0	1390.0
21900881	2020-02-28	1610612758	W	104	SAC @ MEM	1610612763	L	101	1343.0	1349.0
21900882	2020-02-28	1610612749	W	133	MIL vs. OKC	1610612760	L	86	1650.0	1490.0
21900883	2020-02-28	1610612739	L	104	CLE @ NOP	1610612740	W	116	1140.0	1399.0
21900884	2020-02-28	1610612756	L	111	PHX vs. DET	1610612765	W	113	1299.0	1180.0
21900885	2020-02-28	1610612762	W	129	UTA vs. WAS	1610612764	L	119	1416.0	1226.0
21900886	2020-02-28	1610612743	L	103	DEN @ LAC	1610612746	W	132	1486.0	1453.0
21900887	2020-02-29	1610612741	L	115	CHI @ NYK	1610612752	W	125	1171.0	1140.0
21900888	2020-02-29	1610612737	W	129	ATL vs. POR	1610612757	L	117	1196.0	1331.0
21900889	2020-02-29	1610612748	W	116	MIA vs. BKN	1610612751	L	113	1400.0	1303.0
21900890	2020-02-29	1610612739	L	104	CLE vs. IND	1610612754	W	113	1137.0	1404.0
21900891	2020-02-29	1610612747	L	88	LAL @ MEM	1610612763	W	105	1548.0	1340.0
21900892	2020-02-29	1610612738	L	110	BOS vs. HOU	1610612745	W	111	1536.0	1501.0
21900893	2020-02-29	1610612753	L	113	ORL @ SAS	1610612759	W	114	1320.0	1352.0
21900894	2020-02-29	1610612744	W	115	GSW @ PHX	1610612756	L	99	1131.0	1290.0
21900895	2020-03-01	1610612749	W	93	MIL @ CHA	1610612766	L	85	1662.0	1193.0
21900896	2020-03-01	1610612742	W	111	DAL @ MIN	1610612750	L	91	1435.0	1193.0
21900897	2020-03-01	1610612746	W	136	LAC vs. PHI	1610612755	L	130	1473.0	1415.0
21900898	2020-03-01	1610612743	W	133	DEN vs. TOR	1610612761	L	118	1466.0	1527.0
21900899	2020-03-01	1610612758	W	106	SAC vs. DET	1610612765	L	100	1352.0	1189.0
21900900	2020-03-01	1610612740	L	114	NOP vs. LAL	1610612747	W	122	1402.0	1525.0
21900901	2020-03-01	1610612744	L	110	GSW vs. WAS	1610612764	W	124	1157.0	1222.0
21900902	2020-03-02	1610612739	L	113	CLE vs. UTA	1610612762	W	126	1131.0	1420.0
21900903	2020-03-02	1610612745	L	123	HOU @ NYK	1610612752	W	125	1507.0	1151.0
21900904	2020-03-02	1610612753	L	107	ORL vs. POR	1610612757	W	130	1317.0	1315.0
21900905	2020-03-02	1610612737	L	88	ATL vs. MEM	1610612763	W	127	1212.0	1363.0
21900906	2020-03-02	1610612748	W	105	MIA vs. MIL	1610612749	L	89	1404.0	1664.0
21900907	2020-03-02	1610612741	W	109	CHI vs. DAL	1610612742	L	107	1160.0	1446.0
21900908	2020-03-02	1610612754	W	116	IND @ SAS	1610612759	L	111	1410.0	1355.0
21900909	2020-03-03	1610612759	W	104	SAS @ CHA	1610612766	L	103	1345.0	1191.0
21900910	2020-03-03	1610612738	L	120	BOS vs. BKN	1610612751	W	129	1530.0	1299.0
21900911	2020-03-03	1610612740	L	134	NOP vs. MIN	1610612750	W	139	1392.0	1182.0
21900912	2020-03-03	1610612746	W	109	LAC @ OKC	1610612760	L	94	1479.0	1478.0
21900913	2020-03-03	1610612743	L	100	DEN vs. GSW	1610612744	W	116	1481.0	1141.0
21900914	2020-03-03	1610612756	L	114	PHX vs. TOR	1610612761	W	123	1264.0	1512.0
21900915	2020-03-03	1610612747	W	120	LAL vs. PHI	1610612755	L	107	1535.0	1409.0
21900916	2020-03-03	1610612758	W	133	SAC vs. WAS	1610612764	L	126	1356.0	1238.0
21900917	2020-03-04	1610612738	W	112	BOS @ CLE	1610612739	L	106	1509.0	1124.0
21900918	2020-03-04	1610612760	W	114	OKC @ DET	1610612765	L	107	1458.0	1185.0
21900919	2020-03-04	1610612748	W	116	MIA vs. ORL	1610612753	L	113	1428.0	1292.0
21900920	2020-03-04	1610612751	L	79	BKN vs. MEM	1610612763	W	118	1320.0	1385.0
21900921	2020-03-04	1610612752	L	104	NYK vs. UTA	1610612762	W	112	1161.0	1427.0
21900922	2020-03-04	1610612741	L	108	CHI @ MIN	1610612750	W	115	1169.0	1197.0
21900923	2020-03-04	1610612740	L	123	NOP @ DAL	1610612742	W	127	1377.0	1437.0
21900924	2020-03-04	1610612749	W	119	MIL vs. IND	1610612754	L	100	1640.0	1420.0
21900925	2020-03-04	1610612757	W	125	POR vs. WAS	1610612764	L	104	1340.0	1233.0
21900926	2020-03-05	1610612743	W	114	DEN @ CHA	1610612766	L	112	1451.0	1187.0
21900927	2020-03-05	1610612745	L	105	HOU vs. LAC	1610612746	W	120	1497.0	1499.0
21900928	2020-03-05	1610612755	W	125	PHI @ SAC	1610612758	L	108	1402.0	1361.0
21900929	2020-03-05	1610612744	L	113	GSW vs. TOR	1610612761	W	121	1171.0	1519.0
21900930	2020-03-06	1610612737	L	112	ATL @ WAS	1610612764	W	118	1190.0	1224.0
21900931	2020-03-06	1610612751	W	139	BKN vs. SAS	1610612759	L	120	1291.0	1349.0
21900932	2020-03-06	1610612752	L	103	NYK vs. OKC	1610612760	W	126	1155.0	1463.0
21900933	2020-03-06	1610612738	L	94	BOS vs. UTA	1610612762	W	99	1512.0	1433.0
21900934	2020-03-06	1610612741	L	102	CHI vs. IND	1610612754	W	108	1162.0	1415.0
21900935	2020-03-06	1610612750	L	118	MIN vs. ORL	1610612753	W	132	1204.0	1289.0
21900936	2020-03-06	1610612740	W	110	NOP vs. MIA	1610612748	L	104	1372.0	1431.0
21900937	2020-03-06	1610612742	W	121	DAL vs. MEM	1610612763	L	96	1442.0	1414.0
21900938	2020-03-06	1610612756	W	127	PHX vs. POR	1610612757	L	117	1257.0	1349.0
21900939	2020-03-06	1610612747	W	113	LAL vs. MIL	1610612749	L	103	1542.0	1645.0
21900940	2020-03-07	1610612745	L	99	HOU @ CHA	1610612766	W	108	1477.0	1184.0
21900941	2020-03-07	1610612762	W	111	UTA @ DET	1610612765	L	105	1446.0	1180.0
21900942	2020-03-07	1610612739	W	104	CLE vs. DEN	1610612743	L	102	1121.0	1454.0
21900943	2020-03-07	1610612737	L	101	ATL @ MEM	1610612763	W	118	1184.0	1400.0
21900944	2020-03-07	1610612744	W	118	GSW vs. PHI	1610612755	L	114	1167.0	1421.0
21900945	2020-03-07	1610612757	L	111	POR vs. SAC	1610612758	W	123	1336.0	1342.0
21900946	2020-03-08	1610612741	L	107	CHI @ BKN	1610612751	W	110	1157.0	1308.0
21900947	2020-03-08	1610612740	W	120	NOP @ MIN	1610612750	L	107	1381.0	1189.0
21900948	2020-03-08	1610612746	L	103	LAC vs. LAL	1610612747	W	112	1519.0	1555.0
21900949	2020-03-08	1610612738	L	104	BOS vs. OKC	1610612760	W	105	1499.0	1472.0
21900950	2020-03-08	1610612749	L	131	MIL @ PHX	1610612756	W	140	1632.0	1270.0
21900951	2020-03-08	1610612748	W	100	MIA @ WAS	1610612764	L	89	1422.0	1230.0
21900952	2020-03-08	1610612742	L	109	DAL vs. IND	1610612754	W	112	1456.0	1420.0
21900953	2020-03-08	1610612745	L	106	HOU vs. ORL	1610612753	W	126	1459.0	1304.0
21900954	2020-03-08	1610612739	W	132	CLE vs. SAS	1610612759	L	129	1130.0	1332.0
21900955	2020-03-08	1610612752	W	96	NYK vs. DET	1610612765	L	84	1146.0	1175.0
21900956	2020-03-08	1610612758	L	113	SAC vs. TOR	1610612761	W	118	1359.0	1523.0
21900957	2020-03-09	1610612737	W	143	ATL vs. CHA	1610612766	L	138	1179.0	1202.0
21900958	2020-03-09	1610612743	W	109	DEN vs. MIL	1610612749	L	95	1445.0	1612.0
21900959	2020-03-09	1610612761	W	101	TOR @ UTA	1610612762	L	92	1530.0	1451.0
21900960	2020-03-10	1610612738	W	114	BOS @ IND	1610612754	L	111	1493.0	1429.0
21900961	2020-03-10	1610612752	L	115	NYK @ WAS	1610612764	W	122	1158.0	1221.0
21900962	2020-03-10	1610612739	L	103	CLE @ CHI	1610612741	W	108	1139.0	1154.0
21900963	2020-03-10	1610612745	W	117	HOU vs. MIN	1610612750	L	111	1429.0	1179.0
21900964	2020-03-10	1610612753	W	120	ORL @ MEM	1610612763	L	115	1334.0	1405.0
21900965	2020-03-10	1610612742	L	109	DAL @ SAS	1610612759	W	119	1447.0	1323.0
21900966	2020-03-10	1610612756	L	105	PHX @ POR	1610612757	W	121	1290.0	1319.0
21900967	2020-03-10	1610612744	L	107	GSW vs. LAC	1610612746	W	131	1178.0	1505.0
21900968	2020-03-10	1610612747	L	102	LAL vs. BKN	1610612751	W	104	1569.0	1311.0
21900969	2020-03-11	1610612737	L	131	ATL vs. NYK	1610612752	W	136	1186.0	1152.0
21900970	2020-03-11	1610612748	L	98	MIA vs. CHA	1610612766	W	109	1431.0	1195.0
21900971	2020-03-11	1610612755	W	124	PHI vs. DET	1610612765	L	106	1410.0	1163.0
21900973	2020-03-11	1610612742	W	113	DAL vs. DEN	1610612743	L	97	1433.0	1464.0
21901231	2020-07-30	1610612740	L	104	NOP vs. UTA	1610612762	W	106	1391.0	1439.0
21901232	2020-07-30	1610612746	L	101	LAC @ LAL	1610612747	W	103	1513.0	1559.0
21901233	2020-07-31	1610612751	L	118	BKN vs. ORL	1610612753	W	128	1321.0	1347.0
21901234	2020-07-31	1610612757	W	140	POR vs. MEM	1610612763	L	135	1330.0	1392.0
21901235	2020-07-31	1610612756	W	125	PHX @ WAS	1610612764	L	112	1279.0	1227.0
21901236	2020-07-31	1610612738	L	112	BOS @ MIL	1610612749	W	119	1500.0	1593.0
21901237	2020-07-31	1610612758	L	120	SAC @ SAS	1610612759	W	129	1352.0	1337.0
21901238	2020-07-31	1610612742	L	149	DAL vs. HOU	1610612745	W	153	1447.0	1431.0
21901239	2020-08-01	1610612743	L	105	DEN vs. MIA	1610612748	W	125	1450.0	1408.0
21901240	2020-08-01	1610612760	W	110	OKC vs. UTA	1610612762	L	94	1478.0	1445.0
21901241	2020-08-01	1610612740	L	103	NOP @ LAC	1610612746	W	126	1385.0	1509.0
21901242	2020-08-01	1610612754	W	127	IND vs. PHI	1610612755	L	121	1422.0	1414.0
21901243	2020-08-01	1610612747	L	92	LAL @ TOR	1610612761	W	107	1563.0	1542.0
21901244	2020-08-02	1610612751	W	118	BKN vs. WAS	1610612764	L	110	1306.0	1211.0
21901245	2020-08-02	1610612738	W	128	BOS vs. POR	1610612757	L	124	1495.0	1338.0
21901246	2020-08-02	1610612759	W	108	SAS @ MEM	1610612763	L	106	1347.0	1384.0
21901247	2020-08-02	1610612753	W	132	ORL vs. SAC	1610612758	L	116	1362.0	1342.0
21901248	2020-08-02	1610612745	W	120	HOU vs. MIL	1610612749	L	116	1441.0	1598.0
21901249	2020-08-02	1610612742	L	115	DAL @ PHX	1610612756	W	117	1437.0	1295.0
21901250	2020-08-03	1610612748	L	103	MIA vs. TOR	1610612761	W	107	1433.0	1555.0
21901251	2020-08-03	1610612743	W	121	DEN @ OKC	1610612760	L	113	1425.0	1489.0
21901252	2020-08-03	1610612754	W	111	IND @ WAS	1610612764	L	100	1429.0	1205.0
21901253	2020-08-03	1610612740	W	109	NOP vs. MEM	1610612763	L	99	1376.0	1376.0
21901254	2020-08-03	1610612755	W	132	PHI vs. SAS	1610612759	L	130	1407.0	1355.0
21901255	2020-08-03	1610612747	W	116	LAL @ UTA	1610612762	L	108	1550.0	1434.0
21901256	2020-08-04	1610612749	L	116	MIL vs. BKN	1610612751	W	119	1589.0	1312.0
21901257	2020-08-04	1610612742	W	114	DAL @ SAC	1610612758	L	110	1430.0	1330.0
21901258	2020-08-04	1610612746	L	115	LAC vs. PHX	1610612756	W	117	1518.0	1302.0
21901259	2020-08-04	1610612753	L	109	ORL @ IND	1610612754	W	120	1374.0	1437.0
21901260	2020-08-04	1610612738	L	106	BOS @ MIA	1610612748	W	112	1498.0	1426.0
21901261	2020-08-04	1610612745	L	102	HOU @ POR	1610612757	W	110	1450.0	1335.0
21901262	2020-08-05	1610612762	W	124	UTA vs. MEM	1610612763	L	115	1424.0	1366.0
21901263	2020-08-05	1610612755	W	107	PHI @ WAS	1610612764	L	98	1411.0	1197.0
21901264	2020-08-05	1610612743	W	132	DEN @ SAS	1610612759	L	126	1441.0	1351.0
21901265	2020-08-05	1610612747	L	86	LAL vs. OKC	1610612760	W	105	1560.0	1473.0
21901266	2020-08-05	1610612753	L	99	ORL vs. TOR	1610612761	W	109	1366.0	1562.0
21901267	2020-08-05	1610612738	W	149	BOS vs. BKN	1610612751	L	115	1489.0	1324.0
21901268	2020-08-06	1610612740	L	125	NOP @ SAC	1610612758	W	140	1386.0	1322.0
21901269	2020-08-06	1610612748	L	116	MIA @ MIL	1610612749	W	130	1435.0	1577.0
21901270	2020-08-06	1610612754	L	99	IND @ PHX	1610612756	W	114	1445.0	1312.0
21901271	2020-08-06	1610612742	L	111	DAL vs. LAC	1610612746	W	126	1438.0	1508.0
21901272	2020-08-06	1610612743	L	115	DEN vs. POR	1610612757	W	125	1451.0	1347.0
21901273	2020-08-06	1610612745	W	113	HOU vs. LAL	1610612747	L	97	1438.0	1534.0
21901274	2020-08-07	1610612759	W	119	SAS vs. UTA	1610612762	L	111	1341.0	1431.0
21901275	2020-08-07	1610612760	L	92	OKC @ MEM	1610612763	W	121	1499.0	1359.0
21901276	2020-08-07	1610612751	W	119	BKN vs. SAC	1610612758	L	106	1314.0	1337.0
21901277	2020-08-07	1610612753	L	101	ORL @ PHI	1610612755	W	108	1357.0	1419.0
21901278	2020-08-07	1610612740	W	118	NOP vs. WAS	1610612764	L	107	1371.0	1189.0
21901279	2020-08-07	1610612738	W	122	BOS @ TOR	1610612761	L	100	1499.0	1571.0
21901280	2020-08-08	1610612746	W	122	LAC @ POR	1610612757	L	117	1525.0	1366.0
21901281	2020-08-08	1610612743	W	134	DEN vs. UTA	1610612762	L	132	1432.0	1420.0
21901282	2020-08-08	1610612747	L	111	LAL @ IND	1610612754	W	116	1517.0	1427.0
21901283	2020-08-08	1610612748	L	112	MIA vs. PHX	1610612756	W	119	1429.0	1330.0
21901284	2020-08-08	1610612742	W	136	DAL vs. MIL	1610612749	L	132	1421.0	1583.0
21901285	2020-08-09	1610612760	W	121	OKC vs. WAS	1610612764	L	103	1472.0	1184.0
21901286	2020-08-09	1610612761	W	108	TOR vs. MEM	1610612763	L	99	1543.0	1386.0
21901287	2020-08-09	1610612740	L	113	NOP vs. SAS	1610612759	W	122	1376.0	1352.0
21901288	2020-08-09	1610612738	W	122	BOS vs. ORL	1610612753	L	119	1527.0	1351.0
21901289	2020-08-09	1610612755	L	121	PHI @ POR	1610612757	W	124	1425.0	1359.0
21901290	2020-08-09	1610612745	W	129	HOU @ SAC	1610612758	L	112	1455.0	1325.0
21901291	2020-08-09	1610612746	L	120	LAC vs. BKN	1610612751	W	129	1532.0	1326.0
21901292	2020-08-10	1610612756	W	128	PHX vs. OKC	1610612760	L	101	1346.0	1476.0
21901293	2020-08-10	1610612742	W	122	DAL @ UTA	1610612762	L	114	1431.0	1416.0
21901294	2020-08-10	1610612749	L	106	MIL vs. TOR	1610612761	W	114	1573.0	1548.0
21901295	2020-08-10	1610612748	W	114	MIA vs. IND	1610612754	L	92	1413.0	1436.0
21901296	2020-08-10	1610612743	L	121	DEN @ LAL	1610612747	W	124	1436.0	1508.0
21901297	2020-08-11	1610612751	W	108	BKN @ ORL	1610612753	L	96	1346.0	1349.0
21901298	2020-08-11	1610612745	L	105	HOU @ SAS	1610612759	W	123	1470.0	1368.0
21901299	2020-08-11	1610612755	L	117	PHI vs. PHX	1610612756	W	130	1419.0	1371.0
21901300	2020-08-11	1610612742	L	131	DAL vs. POR	1610612757	W	134	1444.0	1365.0
21901301	2020-08-11	1610612738	W	122	BOS @ MEM	1610612763	L	107	1529.0	1381.0
21901302	2020-08-11	1610612740	L	106	NOP @ SAC	1610612758	W	112	1360.0	1310.0
21901303	2020-08-11	1610612749	W	126	MIL @ WAS	1610612764	L	113	1558.0	1180.0
21901304	2020-08-12	1610612745	L	104	HOU vs. IND	1610612754	W	108	1452.0	1420.0
21901305	2020-08-12	1610612755	L	121	PHI vs. TOR	1610612761	W	125	1399.0	1563.0
21901306	2020-08-12	1610612748	L	115	MIA @ OKC	1610612760	W	116	1429.0	1451.0
21901307	2020-08-12	1610612743	L	111	DEN vs. LAC	1610612746	W	124	1432.0	1512.0
21901308	2020-08-13	1610612738	L	90	BOS vs. WAS	1610612764	W	96	1542.0	1175.0
21901309	2020-08-13	1610612751	L	133	BKN vs. POR	1610612757	W	134	1364.0	1375.0
21901310	2020-08-13	1610612747	L	122	LAL vs. SAC	1610612758	W	136	1512.0	1319.0
21901311	2020-08-13	1610612749	L	106	MIL @ MEM	1610612763	W	119	1563.0	1368.0
21901312	2020-08-13	1610612740	L	127	NOP @ ORL	1610612753	W	133	1351.0	1331.0
21901313	2020-08-13	1610612742	L	102	DAL @ PHX	1610612756	W	128	1434.0	1391.0
21901314	2020-08-13	1610612759	L	112	SAS @ UTA	1610612762	W	118	1386.0	1403.0
21901315	2020-08-14	1610612745	L	96	HOU vs. PHI	1610612755	W	134	1442.0	1393.0
21901316	2020-08-14	1610612748	L	92	MIA @ IND	1610612754	W	109	1426.0	1430.0
21901317	2020-08-14	1610612746	W	107	LAC vs. OKC	1610612760	L	103	1527.0	1454.0
21901318	2020-08-14	1610612743	L	109	DEN @ TOR	1610612761	W	117	1417.0	1569.0
